frame_index,ground_truth,Drowsy,Yawning,Hand Raise,Smile,Looking Left,Looking Right,Forward Pose,Looking Up,Looking Down,Gaze Left,Gaze Right,Gaze Center
0,Looking Left,0,0,0,0,1,0,0,0,0,0,0,1
1,Looking Left,0,0,0,0,1,0,0,0,0,1,0,0
2,Looking Left,0,0,0,0,1,0,0,0,0,1,0,0
3,Looking Left,0,0,0,0,1,0,0,0,0,0,0,1
4,Looking Left,0,0,0,0,1,0,0,1,0,1,0,0
5,Looking Left,0,0,0,0,1,0,0,1,0,1,0,0
6,Looking Left,0,0,0,0,1,0,0,1,0,1,0,0
7,Looking Left,0,0,0,1,1,0,0,1,0,0,1,0
8,Looking Left,0,0,0,0,1,0,0,1,0,1,0,0
9,Looking Left,0,0,0,0,1,0,0,1,0,1,0,0
10,Looking Left,0,0,0,0,1,0,0,0,0,1,0,0
11,Looking Left,0,0,0,0,1,0,0,0,0,1,0,0
12,Looking Left,0,0,0,0,1,0,0,0,0,1,0,0
13,Looking Left,0,0,0,0,1,0,0,0,0,1,0,0
14,Looking Left,0,0,0,0,1,0,0,0,0,1,0,0
15,Looking Left,0,0,0,0,1,0,0,0,0,1,0,0
16,Looking Left,0,0,0,0,1,0,0,1,0,1,0,0
17,Looking Left,0,0,0,0,1,0,0,0,0,1,0,0
18,Looking Left,0,0,0,0,1,0,0,1,0,1,0,0
19,Looking Left,0,0,0,0,1,0,0,0,0,1,0,0
20,Looking Left,0,0,0,0,1,0,0,1,0,1,0,0
21,Looking Left,0,0,0,0,1,0,0,0,0,1,0,0
22,Looking Left,0,0,0,0,1,0,0,0,0,1,0,0
23,Looking Left,0,0,0,0,1,0,0,0,0,1,0,0
24,Looking Left,0,0,0,0,1,0,0,0,0,1,0,0
25,Looking Left,0,0,0,0,1,0,0,0,0,1,0,0
26,Looking Left,0,0,0,0,1,0,0,0,0,1,0,0
27,Looking Left,0,0,0,0,1,0,0,0,0,1,0,0
28,Looking Left,0,0,0,0,1,0,0,0,0,1,0,0
29,Looking Left,0,0,0,0,1,0,0,0,0,1,0,0
30,Looking Left,0,0,0,0,1,0,0,0,0,1,0,0
31,Looking Left,0,0,0,0,1,0,0,0,0,1,0,0
32,Looking Left,0,0,0,0,1,0,0,0,0,1,0,0
33,Looking Left,0,0,0,0,1,0,0,0,0,1,0,0
34,Looking Left,0,0,0,0,1,0,0,0,0,1,0,0
35,Looking Left,0,0,0,0,1,0,0,0,0,1,0,0
36,Looking Left,0,0,0,0,1,0,0,0,0,1,0,0
37,Looking Left,0,0,0,0,1,0,0,0,0,1,0,0
38,Looking Left,0,0,0,0,1,0,0,0,0,1,0,0
39,Looking Left,0,0,0,0,1,0,0,1,0,1,0,0
40,Looking Left,0,0,0,0,1,0,0,1,0,1,0,0
41,Looking Left,0,0,0,0,1,0,0,0,0,1,0,0
42,Looking Left,0,0,0,0,1,0,0,0,0,1,0,0
43,Looking Left,0,0,0,0,1,0,0,0,0,1,0,0
44,Looking Left,0,0,0,0,1,0,0,0,0,1,0,0
45,Looking Left,0,0,0,0,1,0,0,0,0,1,0,0
46,Looking Left,0,0,0,0,1,0,0,1,0,1,0,0
47,Looking Left,0,0,0,0,1,0,0,1,0,1,0,0
48,Looking Left,0,0,0,0,1,0,0,0,0,1,0,0
49,Looking Left,0,0,0,0,1,0,0,0,0,1,0,0
50,Looking Left,0,0,0,0,1,0,0,0,0,1,0,0
51,Looking Left,0,0,0,0,1,0,0,0,0,1,0,0
52,Looking Left,0,0,0,0,1,0,0,0,0,1,0,0
53,Looking Left,1,0,0,0,1,0,0,0,0,1,0,0
54,Looking Left,1,0,0,0,1,0,0,1,0,1,0,0
55,Looking Left,1,0,0,0,1,0,0,0,0,1,0,0
56,Looking Left,1,0,0,0,1,0,0,0,0,1,0,0
57,Looking Left,1,0,0,0,1,0,0,0,0,1,0,0
58,Looking Left,1,0,0,0,1,0,0,0,0,1,0,0
59,Looking Left,1,0,0,0,1,0,0,0,0,1,0,0
60,Looking Left,1,0,0,0,1,0,0,1,0,1,0,0
61,Looking Left,1,0,0,0,1,0,0,1,0,1,0,0
62,Looking Left,1,0,0,0,1,0,0,1,0,1,0,0
63,Looking Left,1,0,0,0,1,0,0,0,0,1,0,0
64,Looking Left,1,0,0,0,1,0,0,1,0,1,0,0
65,Looking Left,1,0,0,0,1,0,0,1,0,1,0,0
66,Looking Left,1,0,0,0,1,0,0,0,0,1,0,0
67,Looking Left,1,0,0,0,1,0,0,1,0,1,0,0
68,Looking Left,1,0,0,0,1,0,0,0,0,1,0,0
69,Looking Left,1,0,0,0,1,0,0,0,0,1,0,0
70,Looking Left,1,0,0,0,1,0,0,0,0,1,0,0
71,Looking Left,1,0,0,0,1,0,0,1,0,1,0,0
72,Looking Left,1,0,0,0,1,0,0,1,0,1,0,0
73,Looking Left,1,0,0,0,1,0,0,0,0,1,0,0
74,Looking Left,1,0,0,0,1,0,0,0,0,1,0,0
75,Looking Left,1,0,0,0,1,0,0,0,0,1,0,0
76,Looking Left,1,0,0,0,1,0,0,0,0,1,0,0
77,Looking Left,1,0,0,0,1,0,0,1,0,1,0,0
78,Looking Left,1,0,0,0,1,0,0,1,0,1,0,0
79,Looking Left,1,0,0,0,1,0,0,1,0,1,0,0
80,Looking Left,1,0,0,0,1,0,0,1,0,1,0,0
81,Looking Left,1,0,0,0,1,0,0,0,0,1,0,0
82,Looking Left,1,0,0,0,1,0,0,0,0,1,0,0
83,Looking Left,1,0,0,0,1,0,0,1,0,1,0,0
84,Looking Left,1,0,0,0,1,0,0,1,0,1,0,0
85,Looking Left,1,0,0,0,1,0,0,1,0,1,0,0
86,Looking Left,1,0,0,0,1,0,0,1,0,1,0,0
87,Looking Left,1,0,0,0,1,0,0,1,0,1,0,0
88,Looking Left,1,0,0,0,1,0,0,1,0,1,0,0
89,Looking Left,1,0,0,0,1,0,0,0,0,1,0,0
90,Looking Left,1,0,0,0,1,0,0,1,0,1,0,0
91,Looking Left,1,0,0,0,1,0,0,1,0,1,0,0
92,Looking Left,1,0,0,0,1,0,0,0,0,1,0,0
93,Looking Left,1,0,0,0,1,0,0,0,0,1,0,0
94,Looking Left,1,0,0,0,1,0,0,0,0,1,0,0
95,Looking Left,1,0,0,0,1,0,0,0,0,1,0,0
96,Looking Left,1,0,0,0,1,0,0,0,0,1,0,0
97,Looking Left,1,0,0,0,1,0,0,1,0,1,0,0
98,Looking Left,1,0,0,0,1,0,0,0,0,1,0,0
99,Looking Left,1,0,0,0,1,0,0,0,0,1,0,0
100,Looking Left,1,0,0,0,1,0,0,0,0,1,0,0
101,Looking Left,1,0,0,0,1,0,0,0,0,1,0,0
102,Looking Left,1,0,0,0,1,0,0,1,0,1,0,0
103,Looking Left,1,0,0,0,1,0,0,1,0,1,0,0
104,Looking Left,1,0,0,0,1,0,0,0,0,1,0,0
105,Looking Left,1,0,0,0,1,0,0,1,0,1,0,0
106,Looking Left,1,0,0,0,1,0,0,1,0,1,0,0
107,Looking Left,1,0,0,0,1,0,0,1,0,1,0,0
108,Looking Left,1,0,0,0,1,0,0,1,0,1,0,0
109,Looking Left,1,0,0,0,1,0,0,1,0,1,0,0
110,Looking Left,1,0,0,0,1,0,0,1,0,1,0,0
111,Looking Left,1,0,0,0,1,0,0,1,0,1,0,0
112,Looking Left,1,0,0,0,1,0,0,1,0,1,0,0
113,Looking Left,1,0,0,0,1,0,0,1,0,1,0,0
114,Looking Left,0,0,0,0,1,0,0,1,0,1,0,0
115,Looking Left,0,0,0,0,1,0,0,1,0,1,0,0
116,Looking Left,0,0,0,0,1,0,0,1,0,1,0,0
117,Looking Left,0,0,0,0,1,0,0,1,0,1,0,0
118,Looking Left,0,0,0,0,1,0,0,1,0,1,0,0
119,Looking Left,0,0,0,0,1,0,0,1,0,1,0,0
120,Looking Left,0,0,0,0,1,0,0,0,0,1,0,0
121,Looking Left,0,0,0,0,1,0,0,1,0,1,0,0
122,Looking Left,0,0,0,0,1,0,0,0,0,1,0,0
123,Looking Left,0,0,0,0,1,0,0,0,0,1,0,0
124,Looking Left,0,0,0,0,1,0,0,0,0,1,0,0
125,Looking Left,0,0,0,0,1,0,0,0,0,1,0,0
126,Looking Left,0,0,0,0,1,0,0,0,0,1,0,0
127,Looking Left,0,0,0,0,1,0,0,0,0,1,0,0
128,Looking Left,0,0,0,0,1,0,0,0,0,1,0,0
129,Looking Left,0,0,0,0,1,0,0,0,0,1,0,0
130,Looking Left,0,0,0,0,1,0,0,0,0,1,0,0
131,Looking Left,0,0,0,0,1,0,0,0,0,1,0,0
132,Looking Left,0,0,0,0,1,0,0,0,0,1,0,0
133,Looking Left,0,0,0,0,1,0,0,0,0,1,0,0
134,Looking Left,0,0,0,0,1,0,0,1,0,1,0,0
135,Looking Left,0,0,0,0,1,0,0,1,0,1,0,0
136,Looking Left,0,0,0,0,1,0,0,0,0,1,0,0
137,Looking Left,0,0,0,0,1,0,0,0,0,1,0,0
138,Looking Left,0,0,0,0,1,0,0,1,0,1,0,0
139,Looking Left,0,0,0,0,1,0,0,1,0,1,0,0
140,Looking Left,0,0,0,0,1,0,0,0,0,1,0,0
141,Looking Left,0,0,0,0,1,0,0,1,0,1,0,0
142,Looking Left,0,0,0,0,1,0,0,1,0,1,0,0
143,Looking Left,0,0,0,0,1,0,0,0,0,1,0,0
144,Looking Left,0,0,0,0,1,0,0,1,0,1,0,0
145,Looking Left,0,0,0,0,1,0,0,1,0,1,0,0
146,Looking Left,0,0,0,0,1,0,0,1,0,1,0,0
147,Looking Left,0,0,0,0,1,0,0,1,0,1,0,0
148,Looking Right,0,0,0,0,1,0,0,1,0,1,0,0
149,Looking Right,0,0,0,0,1,0,0,1,0,1,0,0
150,,0,0,0,0,1,0,0,0,0,0,0,1
151,,0,0,0,0,1,0,0,0,0,0,0,1
152,,0,0,0,0,1,0,0,0,0,0,0,1
153,,0,0,0,0,1,0,0,0,0,0,0,1
154,,0,0,0,0,1,0,0,0,0,0,0,1
155,,0,0,0,0,1,0,0,0,0,0,0,1
156,,0,0,0,0,1,0,0,0,0,0,0,1
157,,0,0,0,0,1,0,0,0,0,0,0,1
158,,1,0,0,0,1,0,0,0,0,0,0,1
159,,1,0,0,0,1,0,0,0,0,0,0,1
160,,1,0,0,0,1,0,0,0,0,0,0,1
161,,1,0,0,0,1,0,0,0,0,0,0,1
162,,1,0,0,0,1,0,0,0,0,0,0,1
163,,1,0,0,0,1,0,0,0,0,0,0,1
164,,1,0,0,0,1,0,0,0,0,0,0,1
165,,1,0,0,0,1,0,0,0,0,0,0,1
166,,1,0,0,0,1,0,0,0,0,0,0,1
167,,1,0,0,0,1,0,0,0,0,0,0,1
168,,1,0,0,0,1,0,0,0,0,0,0,1
169,,1,0,0,0,1,0,0,0,0,0,0,1
170,,1,0,0,0,1,0,0,0,0,0,0,1
171,,1,0,0,0,1,0,0,0,0,0,0,1
172,,1,0,0,0,1,0,0,0,0,0,0,1
173,,1,0,0,0,1,0,0,0,0,0,0,1
174,,1,0,0,0,1,0,0,0,0,0,0,1
175,,1,0,0,0,1,0,0,0,0,0,0,1
176,,1,0,0,0,1,0,0,0,0,0,0,1
177,,1,0,0,0,1,0,0,0,0,0,0,1
178,,1,0,0,0,1,0,0,0,0,0,0,1
179,,1,0,0,0,1,0,0,0,0,0,0,1
180,,1,0,0,0,1,0,0,0,0,0,0,1
181,,1,0,0,0,1,0,0,0,0,0,0,1
182,,1,0,0,0,1,0,0,0,0,0,0,1
183,,1,0,0,0,1,0,0,0,0,0,0,1
184,,1,0,0,0,1,0,0,0,0,0,0,1
185,,1,0,0,0,1,0,0,0,0,0,0,1
186,,1,0,0,0,1,0,0,0,0,0,0,1
187,,1,0,0,0,1,0,0,0,0,0,0,1
188,,1,0,0,0,1,0,0,0,0,0,0,1
189,,1,0,0,0,1,0,0,0,0,0,0,1
190,,1,0,0,0,1,0,0,0,0,0,0,1
191,,1,0,0,0,1,0,0,0,0,0,0,1
192,,1,0,0,0,1,0,0,0,0,0,0,1
193,,1,0,0,0,1,0,0,0,0,0,0,1
194,,1,0,0,0,1,0,0,0,0,0,0,1
195,,1,0,0,0,1,0,0,0,0,0,0,1
196,,1,0,0,0,1,0,0,0,0,0,0,1
197,,1,0,0,0,1,0,0,0,0,0,0,1
198,,1,0,0,0,1,0,0,0,0,0,0,1
199,,1,0,0,0,1,0,0,0,0,0,0,1
200,,1,0,0,0,1,0,0,0,0,0,0,1
201,,1,0,0,0,1,0,0,0,0,0,0,1
202,,1,0,0,0,1,0,0,0,0,0,0,1
203,,1,0,0,0,1,0,0,0,0,0,0,1
204,,1,0,0,0,1,0,0,0,0,0,0,1
205,,1,0,0,0,1,0,0,0,0,0,0,1
206,,1,0,0,0,1,0,0,0,0,0,0,1
207,,1,0,0,0,1,0,0,0,0,0,0,1
208,,1,0,0,0,1,0,0,0,0,0,0,1
209,,1,0,0,0,1,0,0,0,0,0,0,1
210,,1,0,0,0,1,0,0,0,0,0,0,1
211,,1,0,0,0,1,0,0,0,0,0,0,1
212,,1,0,0,0,1,0,0,0,0,0,0,1
213,,1,0,0,0,1,0,0,0,0,0,0,1
214,,1,0,0,0,1,0,0,0,0,0,0,1
215,,1,0,0,0,1,0,0,0,0,0,0,1
216,,1,0,0,0,1,0,0,0,0,0,0,1
217,,1,0,0,0,1,0,0,0,0,0,0,1
218,,1,0,0,0,1,0,0,0,0,0,0,1
219,,1,0,0,0,1,0,0,0,0,0,0,1
220,,1,0,0,0,1,0,0,0,0,0,0,1
221,,1,0,0,0,1,0,0,0,0,0,0,1
222,,1,0,0,0,1,0,0,0,0,0,0,1
223,,1,0,0,0,1,0,0,0,0,0,0,1
224,,1,0,0,0,1,0,0,0,0,0,0,1
225,,1,0,0,0,1,0,0,0,0,0,0,1
226,,1,0,0,0,1,0,0,0,0,0,0,1
227,,1,0,0,0,1,0,0,0,0,0,0,1
228,,1,0,0,0,1,0,0,0,0,0,0,1
229,,1,0,0,0,1,0,0,0,0,0,0,1
230,,1,0,0,0,1,0,0,0,0,0,0,1
231,,1,0,0,0,1,0,0,0,0,0,0,1
232,,1,0,0,0,1,0,0,0,0,0,0,1
233,,1,0,0,0,1,0,0,0,0,0,0,1
234,,1,0,0,0,1,0,0,0,0,0,0,1
235,,1,0,0,0,1,0,0,0,0,0,0,1
236,,1,0,0,0,1,0,0,0,0,0,0,1
237,,1,0,0,0,1,0,0,0,0,0,0,1
238,,1,0,0,0,1,0,0,0,0,0,0,1
239,,1,0,0,0,1,0,0,0,0,0,0,1
240,,1,0,0,0,1,0,0,0,0,0,0,1
241,,1,0,0,0,1,0,0,0,0,0,0,1
242,,1,0,0,0,1,0,0,0,0,0,0,1
243,,1,0,0,0,1,0,0,0,0,0,0,1
244,,1,0,0,0,1,0,0,0,0,0,0,1
245,,1,0,0,0,1,0,0,0,0,0,0,1
246,,1,0,0,0,1,0,0,0,0,0,0,1
247,,1,0,0,0,1,0,0,0,0,0,0,1
248,,1,0,0,0,1,0,0,0,0,0,0,1
249,,1,0,0,0,1,0,0,0,0,0,0,1
250,,1,0,0,0,1,0,0,0,0,0,0,1
251,,1,0,0,0,1,0,0,0,0,0,0,1
252,,1,0,0,0,1,0,0,0,0,0,0,1
253,,1,0,0,0,1,0,0,0,0,0,0,1
254,,1,0,0,0,1,0,0,0,0,0,0,1
255,,1,0,0,0,1,0,0,0,0,0,0,1
256,,1,0,0,0,1,0,0,0,0,0,0,1
257,,1,0,0,0,1,0,0,0,0,0,0,1
258,,1,0,0,0,1,0,0,0,0,0,0,1
259,,1,0,0,0,1,0,0,0,0,0,0,1
260,,1,0,0,0,1,0,0,0,0,0,0,1
261,Looking Right,0,0,0,0,0,1,0,1,0,0,1,0
262,Looking Right,0,0,0,0,0,1,0,1,0,0,1,0
263,Looking Right,0,0,0,0,0,1,0,1,0,0,1,0
264,Looking Right,0,0,0,0,0,1,0,1,0,0,1,0
265,Looking Right,0,0,0,0,0,1,0,1,0,0,1,0
266,Looking Right,0,0,0,0,0,1,0,1,0,0,1,0
267,Looking Right,0,0,0,0,0,1,0,1,0,0,1,0
268,Looking Right,0,0,0,0,0,1,0,1,0,0,1,0
269,Looking Right,0,0,0,0,0,1,0,1,0,0,1,0
270,Looking Right,0,0,0,0,0,1,0,1,0,0,1,0
271,Looking Right,0,0,0,0,0,1,0,1,0,0,1,0
272,Looking Right,0,0,0,0,0,1,0,1,0,0,1,0
273,Looking Right,0,0,0,0,0,1,0,1,0,0,1,0
274,Looking Right,0,0,0,0,0,1,0,1,0,0,1,0
275,Looking Right,0,0,0,0,0,1,0,1,0,0,1,0
276,Looking Right,0,0,0,0,0,1,0,1,0,0,1,0
277,Looking Right,0,0,0,0,0,1,0,1,0,0,1,0
278,Looking Right,0,0,0,0,0,1,0,1,0,0,1,0
279,Looking Right,0,0,0,1,0,1,0,1,0,0,1,0
280,Looking Right,0,0,0,1,0,1,0,1,0,0,1,0
281,Looking Right,0,0,0,1,0,1,0,1,0,0,1,0
282,Looking Right,0,1,0,0,0,1,0,1,0,0,0,1
283,,0,0,0,0,0,1,0,0,0,0,0,1
284,,0,0,0,0,0,1,0,0,0,0,0,1
285,,0,0,0,0,0,1,0,0,0,0,0,1
286,,0,0,0,0,0,1,0,0,0,0,0,1
287,,0,0,0,0,0,1,0,0,0,0,0,1
288,,0,0,0,0,0,1,0,0,0,0,0,1
289,,0,0,0,0,0,1,0,0,0,0,0,1
290,,0,0,0,0,0,1,0,0,0,0,0,1
291,,0,0,0,0,0,1,0,0,0,0,0,1
292,,0,0,0,0,0,1,0,0,0,0,0,1
293,,0,0,0,0,0,1,0,0,0,0,0,1
294,,0,0,0,0,0,1,0,0,0,0,0,1
295,,0,0,0,0,0,1,0,0,0,0,0,1
296,,0,0,0,0,0,1,0,0,0,0,0,1
297,,0,0,0,0,0,1,0,0,0,0,0,1
298,,0,0,0,0,0,1,0,0,0,0,0,1
299,,0,0,0,0,0,1,0,0,0,0,0,1
300,,0,0,0,0,0,1,0,0,0,0,0,1
301,,0,0,0,0,0,1,0,0,0,0,0,1
302,,0,0,0,0,0,1,0,0,0,0,0,1
303,,0,0,0,0,0,1,0,0,0,0,0,1
304,,0,0,0,0,0,1,0,0,0,0,0,1
305,,0,0,0,0,0,1,0,0,0,0,0,1
306,,0,0,0,0,0,1,0,0,0,0,0,1
307,,0,0,0,0,0,1,0,0,0,0,0,1
308,,0,0,0,0,0,1,0,0,0,0,0,1
309,,0,0,0,0,0,1,0,0,0,0,0,1
310,,0,0,0,0,0,1,0,0,0,0,0,1
311,,0,0,0,0,0,1,0,0,0,0,0,1
312,,0,0,0,0,0,1,0,0,0,0,0,1
313,,0,0,0,0,0,1,0,0,0,0,0,1
314,,0,0,0,0,0,1,0,0,0,0,0,1
315,,0,0,0,0,0,1,0,0,0,0,0,1
316,,0,0,0,0,0,1,0,0,0,0,0,1
317,,0,0,0,0,0,1,0,0,0,0,0,1
318,,0,0,0,0,0,1,0,0,0,0,0,1
319,,1,0,0,0,0,1,0,0,0,0,0,1
320,,1,0,0,0,0,1,0,0,0,0,0,1
321,,1,0,0,0,0,1,0,0,0,0,0,1
322,,1,0,0,0,0,1,0,0,0,0,0,1
323,,1,0,0,0,0,1,0,0,0,0,0,1
324,,1,0,0,0,0,1,0,0,0,0,0,1
325,,1,0,0,0,0,1,0,0,0,0,0,1
326,,1,0,0,0,0,1,0,0,0,0,0,1
327,,1,0,0,0,0,1,0,0,0,0,0,1
328,,1,0,0,0,0,1,0,0,0,0,0,1
329,,1,0,0,0,0,1,0,0,0,0,0,1
330,,1,0,0,0,0,1,0,0,0,0,0,1
331,,1,0,0,0,0,1,0,0,0,0,0,1
332,,1,0,0,0,0,1,0,0,0,0,0,1
333,,1,0,0,0,0,1,0,0,0,0,0,1
334,,1,0,0,0,0,1,0,0,0,0,0,1
335,,1,0,0,0,0,1,0,0,0,0,0,1
336,,1,0,0,0,0,1,0,0,0,0,0,1
337,,1,0,0,0,0,1,0,0,0,0,0,1
338,,1,0,0,0,0,1,0,0,0,0,0,1
339,,1,0,0,0,0,1,0,0,0,0,0,1
340,,1,0,0,0,0,1,0,0,0,0,0,1
341,,1,0,0,0,0,1,0,0,0,0,0,1
342,,1,0,0,0,0,1,0,0,0,0,0,1
343,,1,0,0,0,0,1,0,0,0,0,0,1
344,,1,0,0,0,0,1,0,0,0,0,0,1
345,,1,0,0,0,0,1,0,0,0,0,0,1
346,,1,0,0,0,0,1,0,0,0,0,0,1
347,,1,0,0,0,0,1,0,0,0,0,0,1
348,,1,0,0,0,0,1,0,0,0,0,0,1
349,,1,0,0,0,0,1,0,0,0,0,0,1
350,,1,0,0,0,0,1,0,0,0,0,0,1
351,,1,0,0,0,0,1,0,0,0,0,0,1
352,,1,0,0,0,0,1,0,0,0,0,0,1
353,,1,0,0,0,0,1,0,0,0,0,0,1
354,,1,0,0,0,0,1,0,0,0,0,0,1
355,,1,0,0,0,0,1,0,0,0,0,0,1
356,,1,0,0,0,0,1,0,0,0,0,0,1
357,,1,0,0,0,0,1,0,0,0,0,0,1
358,,1,0,0,0,0,1,0,0,0,0,0,1
359,,1,0,0,0,0,1,0,0,0,0,0,1
360,,1,0,0,0,0,1,0,0,0,0,0,1
361,,1,0,0,0,0,1,0,0,0,0,0,1
362,,1,0,0,0,0,1,0,0,0,0,0,1
363,,1,0,0,0,0,1,0,0,0,0,0,1
364,,1,0,0,0,0,1,0,0,0,0,0,1
365,,1,0,0,0,0,1,0,0,0,0,0,1
366,,1,0,0,0,0,1,0,0,0,0,0,1
367,,1,0,0,0,0,1,0,0,0,0,0,1
368,,1,0,0,0,0,1,0,0,0,0,0,1
369,,1,0,0,0,0,1,0,0,0,0,0,1
370,,1,0,0,0,0,1,0,0,0,0,0,1
371,,1,0,0,0,0,1,0,0,0,0,0,1
372,,1,0,0,0,0,1,0,0,0,0,0,1
373,,1,0,0,0,0,1,0,0,0,0,0,1
374,,1,0,0,0,0,1,0,0,0,0,0,1
375,,1,0,0,0,0,1,0,0,0,0,0,1
376,,1,0,0,0,0,1,0,0,0,0,0,1
377,,1,0,0,0,0,1,0,0,0,0,0,1
378,,1,0,0,0,0,1,0,0,0,0,0,1
379,,1,0,0,0,0,1,0,0,0,0,0,1
380,,1,0,0,0,0,1,0,0,0,0,0,1
381,,1,0,0,0,0,1,0,0,0,0,0,1
382,,1,0,0,0,0,1,0,0,0,0,0,1
383,,1,0,0,0,0,1,0,0,0,0,0,1
384,,1,0,0,0,0,1,0,0,0,0,0,1
385,,1,0,0,0,0,1,0,0,0,0,0,1
386,,1,0,0,0,0,1,0,0,0,0,0,1
387,,1,0,0,0,0,1,0,0,0,0,0,1
388,,1,0,0,0,0,1,0,0,0,0,0,1
389,,1,0,0,0,0,1,0,0,0,0,0,1
390,,1,0,0,0,0,1,0,0,0,0,0,1
391,,1,0,0,0,0,1,0,0,0,0,0,1
392,,1,0,0,0,0,1,0,0,0,0,0,1
393,,1,0,0,0,0,1,0,0,0,0,0,1
394,,1,0,0,0,0,1,0,0,0,0,0,1
395,,1,0,0,0,0,1,0,0,0,0,0,1
396,,1,0,0,0,0,1,0,0,0,0,0,1
397,,1,0,0,0,0,1,0,0,0,0,0,1
398,,1,0,0,0,0,1,0,0,0,0,0,1
399,,1,0,0,0,0,1,0,0,0,0,0,1
400,,1,0,0,0,0,1,0,0,0,0,0,1
401,,1,0,0,0,0,1,0,0,0,0,0,1
402,,1,0,0,0,0,1,0,0,0,0,0,1
403,,1,0,0,0,0,1,0,0,0,0,0,1
404,,1,0,0,0,0,1,0,0,0,0,0,1
405,,1,0,0,0,0,1,0,0,0,0,0,1
406,,1,0,0,0,0,1,0,0,0,0,0,1
407,,1,0,0,0,0,1,0,0,0,0,0,1
408,,1,0,0,0,0,1,0,0,0,0,0,1
409,,1,0,0,0,0,1,0,0,0,0,0,1
410,,1,0,0,0,0,1,0,0,0,0,0,1
411,,1,0,0,0,0,1,0,0,0,0,0,1
412,,1,0,0,0,0,1,0,0,0,0,0,1
413,,1,0,0,0,0,1,0,0,0,0,0,1
414,,1,0,0,0,0,1,0,0,0,0,0,1
415,,1,0,0,0,0,1,0,0,0,0,0,1
416,,1,0,0,0,0,1,0,0,0,0,0,1
417,,1,0,0,0,0,1,0,0,0,0,0,1
418,,1,0,0,0,0,1,0,0,0,0,0,1
419,,1,0,0,0,0,1,0,0,0,0,0,1
420,,1,0,0,0,0,1,0,0,0,0,0,1
421,,1,0,0,0,0,1,0,0,0,0,0,1
422,,1,0,0,0,0,1,0,0,0,0,0,1
423,,1,0,0,0,0,1,0,0,0,0,0,1
424,,1,0,0,0,0,1,0,0,0,0,0,1
425,,1,0,0,0,0,1,0,0,0,0,0,1
426,,1,0,0,0,0,1,0,0,0,0,0,1
427,,1,0,0,0,0,1,0,0,0,0,0,1
428,,1,0,0,0,0,1,0,0,0,0,0,1
429,,1,0,0,0,0,1,0,0,0,0,0,1
430,,1,0,0,0,0,1,0,0,0,0,0,1
431,,1,0,0,0,0,1,0,0,0,0,0,1
432,,1,0,0,0,0,1,0,0,0,0,0,1
433,,1,0,0,0,0,1,0,0,0,0,0,1
434,,1,0,0,0,0,1,0,0,0,0,0,1
435,,1,0,0,0,0,1,0,0,0,0,0,1
436,,1,0,0,0,0,1,0,0,0,0,0,1
437,,1,0,0,0,0,1,0,0,0,0,0,1
438,,1,0,0,0,0,1,0,0,0,0,0,1
439,,1,0,0,0,0,1,0,0,0,0,0,1
440,,1,0,0,0,0,1,0,0,0,0,0,1
441,,1,0,0,0,0,1,0,0,0,0,0,1
442,,1,0,0,0,0,1,0,0,0,0,0,1
443,,1,0,0,0,0,1,0,0,0,0,0,1
444,,1,0,0,0,0,1,0,0,0,0,0,1
445,,1,0,0,0,0,1,0,0,0,0,0,1
446,,1,0,0,0,0,1,0,0,0,0,0,1
447,,1,0,0,0,0,1,0,0,0,0,0,1
448,,1,0,0,0,0,1,0,0,0,0,0,1
449,,1,0,0,0,0,1,0,0,0,0,0,1
450,Looking Down,1,0,0,1,0,0,1,0,1,0,0,1
451,Looking Down,1,0,0,1,0,0,1,0,1,0,0,1
452,Looking Down,1,0,0,1,0,0,1,0,1,0,0,1
453,Looking Down,1,0,0,1,0,0,1,0,1,0,0,1
454,Looking Down,1,0,0,1,0,0,1,0,1,0,0,1
455,Looking Down,1,0,0,1,0,0,1,0,1,0,0,1
456,Looking Down,1,0,0,1,0,0,1,0,1,0,0,1
457,Looking Down,1,0,0,1,0,0,1,0,1,0,0,1
458,Looking Down,1,0,0,1,0,0,1,0,1,0,0,1
459,Looking Down,1,0,0,1,0,0,1,0,1,0,0,1
460,Looking Down,1,0,0,1,0,0,1,0,1,0,0,1
461,Looking Down,1,0,0,1,0,0,1,0,1,0,0,1
462,Looking Down,1,0,0,1,0,0,1,0,1,0,0,1
463,Looking Down,1,0,0,1,0,0,1,0,1,0,0,1
464,Looking Down,1,0,0,1,0,0,1,0,1,0,0,1
465,Looking Down,1,0,0,1,0,0,1,0,1,0,0,1
466,Looking Down,1,0,0,1,0,0,1,0,1,0,0,1
467,Looking Down,1,0,0,1,0,0,1,0,1,0,0,1
468,Looking Down,1,0,0,1,0,0,1,0,1,0,0,1
469,Looking Down,1,0,0,1,0,0,1,0,1,0,0,1
470,Looking Down,1,0,0,1,0,0,1,0,1,0,0,1
471,Looking Down,1,0,0,1,0,0,1,0,1,0,0,1
472,Looking Down,1,0,0,1,0,0,1,0,1,0,0,1
473,Looking Down,1,0,0,1,0,0,1,0,1,0,0,1
474,Looking Down,1,0,0,1,0,0,1,0,1,0,0,1
475,Looking Down,1,0,0,1,0,0,1,0,1,0,0,1
476,Looking Down,1,0,0,1,0,0,1,0,1,0,0,1
477,Looking Down,1,0,0,1,0,0,1,0,1,0,0,1
478,Looking Down,1,0,0,1,0,0,1,0,1,0,0,1
479,Looking Down,1,0,0,1,0,0,1,0,1,0,0,1
480,Looking Down,1,0,0,1,0,0,1,0,1,0,0,1
481,Looking Down,1,0,0,1,0,0,1,0,1,0,0,1
482,Looking Down,1,0,0,1,0,0,1,0,1,0,0,1
483,Looking Down,1,0,0,1,0,0,1,0,1,0,0,1
484,Looking Down,1,0,0,1,0,0,1,0,1,0,0,1
485,Looking Down,1,0,0,1,0,0,1,0,1,0,0,1
486,Looking Down,1,0,0,1,0,0,1,0,1,0,0,1
487,Looking Down,1,0,0,1,0,0,1,0,1,0,0,1
488,Looking Down,1,0,0,1,0,0,1,0,1,0,0,1
489,Looking Down,1,0,0,1,0,0,1,0,1,0,0,1
490,Looking Down,1,0,0,1,0,0,1,0,1,0,0,1
491,Looking Down,1,0,0,1,0,0,1,0,1,0,0,1
492,Looking Down,1,0,0,1,0,0,1,0,1,0,0,1
493,Looking Down,1,0,0,1,0,0,1,0,1,0,0,1
494,Looking Down,1,0,0,1,0,0,1,0,1,0,0,1
495,Looking Down,1,0,0,1,0,0,1,0,1,0,0,1
496,Looking Down,1,0,0,1,0,0,1,0,1,0,0,1
497,Looking Down,1,0,0,1,0,0,1,0,1,0,0,1
498,Looking Down,1,0,0,1,0,0,1,0,1,0,0,1
499,Looking Down,1,0,0,1,0,0,1,0,1,0,0,1
500,Looking Down,1,0,0,1,0,0,1,0,1,0,0,1
501,Looking Down,1,0,0,1,0,0,1,0,1,0,0,1
502,Looking Down,1,0,0,1,0,0,1,0,1,0,0,1
503,Looking Down,1,0,0,1,0,0,1,0,1,0,0,1
504,Looking Down,1,0,0,1,0,0,1,0,1,0,0,1
505,Looking Down,1,0,0,1,0,0,1,0,1,0,0,1
506,Looking Down,1,0,0,1,0,0,1,0,1,0,0,1
507,Looking Down,1,0,0,1,0,0,1,0,1,0,0,1
508,Looking Down,1,0,0,1,0,0,1,0,1,0,0,1
509,Looking Down,1,0,0,1,0,0,1,0,1,0,0,1
510,Looking Down,1,0,0,1,0,0,1,0,1,0,0,1
511,Looking Down,1,0,0,1,0,0,1,0,1,0,0,1
512,Looking Down,1,0,0,1,0,0,1,0,1,0,0,1
513,Looking Down,1,0,0,1,0,0,1,0,1,0,0,1
514,Looking Down,1,0,0,1,0,0,1,0,1,0,0,1
515,Looking Down,1,0,0,1,0,0,1,0,1,0,0,1
516,Looking Down,1,0,0,1,0,0,1,0,1,0,0,1
517,Looking Down,1,0,0,1,0,0,1,0,1,0,0,1
518,Looking Down,1,0,0,1,0,0,1,0,1,0,0,1
519,Looking Down,1,0,0,1,0,0,1,0,1,0,0,1
520,Looking Down,1,0,0,1,0,0,1,0,1,0,0,1
521,Looking Down,1,0,0,1,0,0,1,0,1,0,0,1
522,Looking Down,1,0,0,1,0,0,1,0,1,0,0,1
523,Looking Down,1,0,0,1,0,0,1,0,1,0,0,1
524,Looking Down,1,0,0,1,0,0,1,0,1,0,0,1
525,Looking Down,1,0,0,1,0,0,1,0,1,0,0,1
526,Looking Down,1,0,0,1,0,0,1,0,1,0,0,1
527,Looking Down,1,0,0,1,0,0,1,0,1,0,0,1
528,Looking Down,1,0,0,1,0,0,1,0,1,0,0,1
529,Looking Down,1,0,0,1,0,0,1,0,1,0,0,1
530,Looking Down,1,0,0,1,0,0,1,0,1,0,0,1
531,Looking Down,1,0,0,1,0,0,1,0,1,0,0,1
532,Looking Down,1,0,0,1,0,0,1,0,1,0,0,1
533,Looking Down,1,0,0,1,0,0,1,0,1,0,0,1
534,Looking Down,1,0,0,1,0,0,1,0,1,0,0,1
535,Looking Down,1,0,0,1,0,0,1,0,1,0,0,1
536,Looking Down,1,0,0,1,0,0,1,0,1,0,0,1
537,Looking Down,1,0,0,1,0,0,1,0,1,0,0,1
538,Looking Down,1,0,0,1,0,0,1,0,1,0,0,1
539,Looking Down,1,0,0,1,0,0,1,0,1,0,0,1
540,Looking Down,1,0,0,1,0,0,1,0,1,0,0,1
541,Looking Down,1,0,0,1,0,0,1,0,1,0,0,1
542,Looking Down,1,0,0,1,0,0,1,0,1,0,0,1
543,Looking Down,1,0,0,1,0,0,1,0,1,0,0,1
544,Looking Down,1,0,0,1,0,0,1,0,1,0,0,1
545,Looking Down,1,0,0,1,0,0,1,0,1,0,0,1
546,Looking Down,1,0,0,1,0,0,1,0,1,0,0,1
547,Looking Down,1,0,0,1,0,0,1,0,1,0,0,1
548,Looking Down,1,0,0,1,0,0,1,0,1,0,0,1
549,Looking Down,1,0,0,1,0,0,1,0,1,0,0,1
550,Looking Down,1,0,0,1,0,0,1,0,1,0,0,1
551,Looking Down,1,0,0,1,0,0,1,0,1,0,0,1
552,Looking Down,1,0,0,1,0,0,1,0,1,0,0,1
553,Looking Down,1,0,0,1,0,0,1,0,1,0,0,1
554,Looking Down,1,0,0,1,0,0,1,0,1,0,0,1
555,Looking Down,1,0,0,1,0,0,1,0,1,0,0,1
556,Looking Down,1,0,0,1,0,0,1,0,1,0,0,1
557,Looking Down,1,0,0,1,0,0,1,0,1,0,0,1
558,Looking Down,1,0,0,1,0,0,1,0,1,0,0,1
559,Looking Down,1,0,0,1,0,0,1,0,1,0,0,1
560,Looking Down,1,0,0,1,0,0,1,0,1,0,0,1
561,Looking Down,1,0,0,1,0,0,1,0,1,0,0,1
562,Looking Down,1,0,0,1,0,0,1,0,1,0,0,1
563,Looking Down,1,0,0,1,0,0,1,0,1,0,0,1
564,Looking Down,1,0,0,1,0,0,1,0,1,0,0,1
565,Looking Down,1,0,0,1,0,0,1,0,1,0,0,1
566,Looking Down,1,0,0,1,0,0,1,0,1,0,0,1
567,Looking Down,1,0,0,1,0,0,1,0,1,0,0,1
568,Looking Down,1,0,0,1,0,0,1,0,1,0,0,1
569,Looking Down,1,0,0,1,0,0,1,0,1,0,0,1
570,Looking Down,1,0,0,1,0,0,1,0,1,0,0,1
571,Looking Down,1,0,0,1,0,0,1,0,1,0,0,1
572,Looking Down,1,0,0,1,0,0,1,0,1,0,0,1
573,Looking Down,1,0,0,1,0,0,1,0,1,0,0,1
574,Looking Down,1,0,0,1,0,0,1,0,1,0,0,1
575,Looking Down,1,0,0,1,0,0,1,0,1,0,0,1
576,Looking Down,1,0,0,1,0,0,1,0,1,0,0,1
577,Looking Down,1,0,0,1,0,0,1,0,1,0,0,1
578,Looking Down,1,0,0,1,0,0,1,0,1,0,0,1
579,Looking Down,1,0,0,1,0,0,1,0,1,0,0,1
580,Looking Down,1,0,0,1,0,0,1,0,1,0,0,1
581,Looking Down,1,0,0,1,0,0,1,0,1,0,0,1
582,Looking Down,1,0,0,1,0,0,1,0,1,0,0,1
583,Looking Down,1,0,0,1,0,0,1,0,1,0,0,1
584,Looking Down,1,0,0,1,0,0,1,0,1,0,0,1
585,Looking Down,1,0,0,1,0,0,1,0,1,0,0,1
586,Looking Down,1,0,0,1,0,0,1,0,1,0,0,1
587,Looking Down,1,0,0,1,0,0,1,0,1,0,0,1
588,Looking Down,1,0,0,1,0,0,1,0,1,0,0,1
589,Looking Down,1,0,0,1,0,0,1,0,1,0,0,1
590,Looking Down,1,0,0,1,0,0,1,0,1,0,0,1
591,Looking Down,1,0,0,1,0,0,1,0,1,0,0,1
592,Looking Down,1,0,0,1,0,0,1,0,1,0,0,1
593,Looking Down,1,0,0,1,0,0,1,0,1,0,0,1
594,Looking Down,1,0,0,1,0,0,1,0,1,0,0,1
595,Looking Down,1,0,0,1,0,0,1,0,1,0,0,1
596,Looking Down,1,0,0,1,0,0,1,0,1,0,0,1
597,Looking Down,1,0,0,0,0,0,0,0,0,0,0,1
598,Forward Pose,1,0,0,0,0,0,1,1,0,0,0,1
599,Forward Pose,1,0,0,0,0,0,1,1,0,0,0,1
600,Forward Pose,1,0,0,0,0,0,1,1,0,0,0,1
601,Forward Pose,1,0,0,0,0,0,1,1,0,0,0,1
602,Forward Pose,1,0,0,0,0,0,1,1,0,0,0,1
603,Forward Pose,1,0,0,0,0,0,1,1,0,0,0,1
604,Forward Pose,1,0,0,0,0,0,1,1,0,1,0,0
605,Forward Pose,1,0,0,0,0,0,1,1,0,1,0,0
606,Forward Pose,1,0,0,0,0,0,1,1,0,1,0,0
607,Forward Pose,1,0,0,0,0,0,1,1,0,1,0,0
608,Forward Pose,1,0,0,0,0,0,1,1,0,1,0,0
609,Forward Pose,1,0,0,0,0,0,1,1,0,1,0,0
610,Forward Pose,1,0,0,0,0,0,1,1,0,1,0,0
611,Forward Pose,1,0,0,0,0,0,1,1,0,1,0,0
612,Forward Pose,1,0,0,0,0,0,1,1,0,1,0,0
613,Forward Pose,1,0,0,0,0,0,1,1,0,1,0,0
614,Forward Pose,1,0,0,0,0,0,1,1,0,1,0,0
615,Forward Pose,1,0,0,0,0,0,1,1,0,1,0,0
616,Forward Pose,1,0,0,0,0,0,1,1,0,1,0,0
617,Forward Pose,1,0,0,0,0,0,1,1,0,1,0,0
618,Forward Pose,1,0,0,0,0,0,1,1,0,1,0,0
619,Forward Pose,1,0,0,0,0,0,1,1,0,1,0,0
620,Forward Pose,1,0,0,0,0,0,1,1,0,1,0,0
621,Forward Pose,1,0,0,0,0,0,1,1,0,1,0,0
622,Forward Pose,1,0,0,0,0,0,1,1,0,0,0,1
623,Forward Pose,1,0,0,0,0,0,1,1,0,0,0,1
624,Forward Pose,1,0,0,0,0,0,1,1,0,0,0,1
625,Forward Pose,1,0,0,0,0,0,1,1,0,0,0,1
626,Forward Pose,1,0,0,0,0,0,1,1,0,1,0,0
627,Forward Pose,1,0,0,0,0,0,1,1,0,0,0,1
628,Forward Pose,1,0,0,0,0,0,1,1,0,0,0,1
629,Forward Pose,1,0,0,0,0,0,1,1,0,0,0,1
630,Forward Pose,1,0,0,0,0,0,1,1,0,0,0,1
631,Forward Pose,1,0,0,0,0,0,1,1,0,0,0,1
632,Forward Pose,1,0,0,0,0,0,1,0,0,0,0,1
633,Forward Pose,1,0,0,0,0,0,1,0,0,0,0,1
634,Forward Pose,1,0,0,0,0,0,1,0,0,0,0,1
635,Forward Pose,1,0,0,0,0,0,1,0,0,0,0,1
636,Forward Pose,1,0,0,0,0,0,1,0,0,0,0,1
637,Forward Pose,1,0,0,0,0,0,1,0,0,0,0,1
638,Forward Pose,1,0,0,0,0,0,1,1,0,0,0,1
639,Forward Pose,1,0,0,0,0,0,1,1,0,0,0,1
640,Forward Pose,1,0,0,0,0,0,1,1,0,0,0,1
641,Forward Pose,1,0,0,0,0,0,1,1,0,0,0,1
642,Forward Pose,1,0,0,0,0,0,1,1,0,0,0,1
643,Forward Pose,1,0,0,0,0,0,1,1,0,0,0,1
644,Forward Pose,1,0,0,0,0,0,1,1,0,0,0,1
645,Forward Pose,1,0,0,0,0,0,1,1,0,0,0,1
646,Forward Pose,1,0,0,0,0,0,1,1,0,0,0,1
647,Forward Pose,1,0,0,0,0,0,1,1,0,0,0,1
648,Forward Pose,1,0,0,0,0,0,1,1,0,0,0,1
649,Forward Pose,1,0,0,0,0,0,1,1,0,0,0,1
650,Forward Pose,1,0,0,0,0,0,1,1,0,0,0,1
651,Forward Pose,1,0,0,0,0,0,1,1,0,0,0,1
652,Forward Pose,1,0,0,0,0,0,1,1,0,0,0,1
653,Forward Pose,1,0,0,0,0,0,1,1,0,0,0,1
654,Forward Pose,1,0,0,0,0,0,1,1,0,0,0,1
655,Forward Pose,1,0,0,0,0,0,1,1,0,0,0,1
656,Forward Pose,1,0,0,0,0,0,1,1,0,0,0,1
657,Forward Pose,1,0,0,0,0,0,1,1,0,0,0,1
658,Forward Pose,1,0,0,0,0,0,1,1,0,0,0,1
659,Forward Pose,1,0,0,0,0,0,1,1,0,0,0,1
660,Forward Pose,1,0,0,0,0,0,1,1,0,0,0,1
661,Forward Pose,1,0,0,0,0,0,1,1,0,0,0,1
662,Forward Pose,1,0,0,0,0,0,1,1,0,0,0,1
663,Forward Pose,1,0,0,0,0,0,1,1,0,0,0,1
664,Forward Pose,1,0,0,0,0,0,1,1,0,0,0,1
665,Forward Pose,1,0,0,0,0,0,1,1,0,0,0,1
666,Forward Pose,1,0,0,0,0,0,1,1,0,0,0,1
667,Forward Pose,1,0,0,0,0,0,1,1,0,0,0,1
668,Forward Pose,1,0,0,0,0,0,1,1,0,0,0,1
669,Forward Pose,1,0,0,0,0,0,1,1,0,0,0,1
670,Forward Pose,1,0,0,0,0,0,1,1,0,0,0,1
671,Forward Pose,1,0,0,0,0,0,1,1,0,0,0,1
672,Forward Pose,1,0,0,0,0,0,1,1,0,0,0,1
673,Forward Pose,1,0,0,0,0,0,1,1,0,0,0,1
674,Forward Pose,1,0,0,0,0,0,1,1,0,0,0,1
675,Forward Pose,1,0,0,0,0,0,1,1,0,0,0,1
676,Forward Pose,1,0,0,0,0,0,1,1,0,0,0,1
677,Forward Pose,1,0,0,0,0,0,1,1,0,0,0,1
678,Forward Pose,1,0,0,0,0,0,1,1,0,0,0,1
679,Forward Pose,1,0,0,0,0,0,1,1,0,0,0,1
680,Forward Pose,1,0,0,0,0,0,1,1,0,0,0,1
681,Forward Pose,1,0,0,0,0,0,1,1,0,0,0,1
682,Forward Pose,1,0,0,0,0,0,1,1,0,0,0,1
683,Forward Pose,1,0,0,0,0,0,1,1,0,0,0,1
684,Forward Pose,1,0,0,0,0,0,1,1,0,0,0,1
685,Forward Pose,1,0,0,0,0,0,1,1,0,0,0,1
686,Forward Pose,1,0,0,0,0,0,1,1,0,0,0,1
687,Forward Pose,1,0,0,0,0,0,1,1,0,0,0,1
688,Forward Pose,1,0,0,0,0,0,1,1,0,0,0,1
689,Forward Pose,1,0,0,0,0,0,1,1,0,0,0,1
690,Forward Pose,1,0,0,0,0,0,1,1,0,0,0,1
691,Forward Pose,1,0,0,0,0,0,1,1,0,0,0,1
692,Forward Pose,1,0,0,0,0,0,1,1,0,0,0,1
693,Forward Pose,1,0,0,0,0,0,1,1,0,0,0,1
694,Forward Pose,1,0,0,0,0,0,1,1,0,0,0,1
695,Forward Pose,1,0,0,0,0,0,1,1,0,0,0,1
696,Forward Pose,1,0,0,0,0,0,1,1,0,0,0,1
697,Forward Pose,1,0,0,0,0,0,1,1,0,0,0,1
698,Forward Pose,1,0,0,0,0,0,1,1,0,0,0,1
699,Forward Pose,1,0,0,0,0,0,1,1,0,0,0,1
700,Forward Pose,1,0,0,0,0,0,1,1,0,0,0,1
701,Forward Pose,1,0,0,0,0,0,1,1,0,0,0,1
702,Forward Pose,1,0,0,0,0,0,1,1,0,0,0,1
703,Forward Pose,1,0,0,0,0,0,1,1,0,0,0,1
704,Forward Pose,1,0,0,0,0,0,1,1,0,0,0,1
705,Forward Pose,1,0,0,0,0,0,1,1,0,0,0,1
706,Forward Pose,1,0,0,0,0,0,1,1,0,0,0,1
707,Forward Pose,1,0,0,0,0,0,1,1,0,0,0,1
708,Forward Pose,1,0,0,0,0,0,1,1,0,0,0,1
709,Forward Pose,1,0,0,0,0,0,1,1,0,0,0,1
710,Forward Pose,1,0,0,0,0,0,1,1,0,0,0,1
711,Forward Pose,1,0,0,0,0,0,1,1,0,0,0,1
712,Forward Pose,1,0,0,0,0,0,1,1,0,0,0,1
713,Forward Pose,1,0,0,0,0,0,1,1,0,0,0,1
714,Forward Pose,1,0,0,0,0,0,1,1,0,0,0,1
715,Forward Pose,1,0,0,0,0,0,1,1,0,0,0,1
716,Forward Pose,1,0,0,0,0,0,1,1,0,0,0,1
717,Forward Pose,1,0,0,0,0,0,1,1,0,0,0,1
718,Forward Pose,1,0,0,0,0,0,1,1,0,0,0,1
719,Forward Pose,1,0,0,0,0,0,1,1,0,0,0,1
720,Forward Pose,1,0,0,0,0,0,1,1,0,0,0,1
721,Forward Pose,1,0,0,0,0,0,1,1,0,0,0,1
722,Forward Pose,1,0,0,0,0,0,1,1,0,0,0,1
723,Forward Pose,1,0,0,0,0,0,1,1,0,0,0,1
724,Forward Pose,1,0,0,0,0,0,1,1,0,0,0,1
725,Forward Pose,1,0,0,0,0,0,1,1,0,0,0,1
726,Forward Pose,1,0,0,0,0,0,1,1,0,0,0,1
727,Forward Pose,1,0,0,0,0,0,1,1,0,0,0,1
728,Forward Pose,1,0,0,0,0,0,1,1,0,0,0,1
729,Forward Pose,1,0,0,0,0,0,1,1,0,0,0,1
730,Forward Pose,1,0,0,0,0,0,1,1,0,0,0,1
731,Forward Pose,1,0,0,0,0,0,1,1,0,0,0,1
732,Forward Pose,1,0,0,0,0,0,1,1,0,0,0,1
733,Forward Pose,1,0,0,0,0,0,1,1,0,0,0,1
734,Forward Pose,1,0,0,0,0,0,1,1,0,0,0,1
735,Forward Pose,1,0,0,0,0,0,1,1,0,0,0,1
736,Forward Pose,1,0,0,0,0,0,1,1,0,0,0,1
737,Forward Pose,1,0,0,0,0,0,1,1,0,0,0,1
738,Forward Pose,1,0,0,0,0,0,1,1,0,0,0,1
739,Forward Pose,1,0,0,0,0,0,1,1,0,0,0,1
740,Forward Pose,1,0,0,0,0,0,1,1,0,0,0,1
741,Forward Pose,1,0,0,0,0,0,1,1,0,0,0,1
742,Forward Pose,1,0,0,0,0,0,1,1,0,0,0,1
743,Forward Pose,1,0,0,0,0,0,1,1,0,0,0,1
744,Forward Pose,1,0,0,0,0,0,1,1,0,0,0,1
745,Forward Pose,1,0,0,0,0,0,1,1,0,0,0,1
746,Forward Pose,1,0,0,0,0,0,1,1,0,0,0,1
747,,1,0,0,0,0,0,1,1,0,1,0,0
748,,1,0,1,0,0,0,0,1,0,0,1,0
749,,1,0,1,0,0,0,1,1,0,0,1,0
750,Yawning,1,0,1,0,0,0,1,1,0,1,0,0
751,Yawning,1,0,1,0,0,0,1,1,0,1,0,0
752,Yawning,1,0,1,0,0,0,1,1,0,1,0,0
753,Yawning,1,1,1,0,0,0,1,1,0,1,0,0
754,Yawning,1,1,1,0,0,0,1,1,0,1,0,0
755,Yawning,1,1,1,0,0,0,1,1,0,1,0,0
756,Yawning,1,1,1,0,0,0,1,1,0,1,0,0
757,Yawning,1,1,1,0,0,0,1,1,0,1,0,0
758,Yawning,1,1,1,0,0,0,1,1,0,1,0,0
759,Yawning,1,1,1,0,0,0,1,1,0,1,0,0
760,Yawning,1,1,1,0,0,0,1,1,0,1,0,0
761,Yawning,1,1,1,0,0,0,1,1,0,1,0,0
762,Yawning,1,0,1,0,0,0,1,1,0,1,0,0
763,Yawning,1,0,1,0,0,0,1,1,0,1,0,0
764,Yawning,1,0,1,0,0,0,1,1,0,1,0,0
765,Yawning,1,0,1,0,0,0,1,1,0,1,0,0
766,Yawning,1,0,0,0,0,0,1,1,0,0,0,1
767,Yawning,1,0,0,0,0,0,1,1,0,0,0,1
768,Yawning,1,0,0,0,0,0,1,1,0,0,0,1
769,Yawning,1,0,0,0,0,0,1,1,0,0,0,1
770,Yawning,1,0,0,0,0,0,1,1,0,0,0,1
771,Yawning,1,0,0,0,0,0,1,1,0,0,0,1
772,Yawning,1,0,0,0,0,0,1,1,0,0,0,1
773,Yawning,1,0,0,0,0,0,1,1,0,0,0,1
774,Yawning,1,0,0,0,0,0,1,1,0,0,0,1
775,Yawning,1,0,0,0,0,0,1,1,0,0,0,1
776,Yawning,1,0,0,0,0,0,1,1,0,0,0,1
777,Yawning,1,0,0,0,0,0,1,1,0,1,0,0
778,Yawning,1,0,0,0,0,0,1,1,0,1,0,0
779,Yawning,1,0,0,0,0,0,1,1,0,0,0,1
780,Yawning,1,1,0,0,0,0,1,1,0,1,0,0
781,Yawning,1,1,0,0,0,0,1,1,0,0,0,1
782,Yawning,1,1,0,0,0,0,1,1,0,1,0,0
783,Yawning,1,1,0,0,0,0,1,1,0,1,0,0
784,Yawning,1,1,0,0,0,0,1,1,0,0,0,1
785,Yawning,1,1,0,0,0,0,1,1,0,0,0,1
786,Yawning,1,0,0,0,0,0,1,1,0,0,0,1
787,,1,0,0,0,0,0,1,1,0,0,0,1
788,,1,0,0,0,0,0,1,1,0,0,0,1
789,,1,0,0,0,0,0,1,1,0,0,0,1
790,Yawning,1,0,0,0,0,0,1,1,0,0,0,1
791,Yawning,1,0,0,0,0,0,1,1,0,0,0,1
792,Yawning,1,0,0,0,0,0,1,1,0,0,0,1
793,Yawning,1,0,0,0,0,0,1,1,0,0,0,1
794,Yawning,1,1,0,0,0,0,1,1,0,0,0,1
795,Yawning,1,1,0,0,0,0,1,1,0,0,0,1
796,Yawning,1,1,0,0,0,0,1,1,0,0,0,1
797,Yawning,1,1,0,0,0,0,1,1,0,0,0,1
798,Yawning,1,1,0,0,0,0,1,1,0,0,0,1
799,Yawning,1,1,0,0,0,0,1,1,0,0,0,1
800,Yawning,1,1,0,0,0,0,1,1,0,1,0,0
801,Yawning,1,1,0,0,0,0,1,1,0,0,0,1
802,Yawning,1,1,0,0,0,0,1,1,0,0,0,1
803,Yawning,1,1,0,0,0,0,1,1,0,0,0,1
804,Yawning,1,1,0,0,0,0,1,1,0,0,0,1
805,Yawning,1,1,0,0,0,0,1,1,0,0,0,1
806,Yawning,1,1,0,0,0,0,1,1,0,0,0,1
807,Yawning,1,1,0,0,0,0,1,1,0,0,0,1
808,Yawning,1,1,0,0,0,0,1,1,0,0,0,1
809,Yawning,1,1,0,0,0,0,1,1,0,0,0,1
810,Yawning,1,1,0,0,0,0,1,1,0,0,0,1
811,Yawning,1,1,0,0,0,0,1,1,0,0,0,1
812,Yawning,1,1,0,0,0,0,1,1,0,1,0,0
813,Yawning,1,1,0,0,0,0,1,1,0,0,0,1
814,Yawning,1,1,0,0,0,0,1,1,0,1,0,0
815,Yawning,1,1,0,0,0,0,1,1,0,1,0,0
816,Yawning,1,1,0,0,0,0,1,1,0,1,0,0
817,Yawning,1,1,0,0,0,0,1,1,0,1,0,0
818,Yawning,1,1,0,0,0,0,1,1,0,0,0,1
819,Yawning,1,1,0,0,0,0,1,1,0,1,0,0
820,Yawning,1,1,0,0,0,0,1,1,0,1,0,0
821,Yawning,1,1,0,0,0,0,1,1,0,1,0,0
822,Yawning,1,1,0,0,0,0,1,1,0,1,0,0
823,Yawning,1,1,0,0,0,0,1,1,0,1,0,0
824,Yawning,1,1,0,0,0,0,1,1,0,1,0,0
825,Yawning,1,1,0,0,0,0,1,1,0,0,0,1
826,Yawning,1,1,0,0,0,0,1,1,0,0,0,1
827,Yawning,1,1,0,0,0,0,1,1,0,0,0,1
828,Yawning,1,1,0,0,0,0,1,1,0,0,0,1
829,Yawning,1,1,0,0,0,0,1,1,0,0,0,1
830,Yawning,1,1,0,0,0,0,1,1,0,0,0,1
831,Yawning,1,1,0,0,0,0,1,1,0,0,0,1
832,Yawning,1,1,0,0,0,0,1,1,0,0,0,1
833,Yawning,1,1,0,0,0,0,1,1,0,0,0,1
834,Yawning,1,1,0,0,0,0,1,1,0,0,0,1
835,Yawning,1,1,0,0,0,0,1,1,0,0,0,1
836,Yawning,1,1,0,0,0,0,1,1,0,0,0,1
837,Yawning,1,1,0,0,0,0,1,1,0,0,0,1
838,Yawning,1,1,0,0,0,0,1,1,0,0,0,1
839,Yawning,1,1,0,0,0,0,1,1,0,0,0,1
840,Yawning,1,1,0,0,0,0,1,1,0,0,0,1
841,Yawning,1,1,0,0,0,0,1,1,0,0,0,1
842,Yawning,1,1,0,0,0,0,1,1,0,1,0,0
843,Yawning,1,1,0,0,0,0,1,1,0,1,0,0
844,Yawning,1,1,0,0,0,0,1,1,0,1,0,0
845,Yawning,1,1,0,0,0,0,1,1,0,0,0,1
846,Yawning,1,1,0,0,0,0,1,1,0,0,0,1
847,Yawning,1,1,0,0,0,0,1,1,0,1,0,0
848,Yawning,1,1,0,0,0,0,1,1,0,1,0,0
849,Yawning,1,1,0,0,0,0,1,1,0,1,0,0
850,Yawning,1,1,0,0,0,0,1,1,0,1,0,0
851,Yawning,1,1,0,0,0,0,1,1,0,1,0,0
852,Yawning,1,1,0,0,0,0,1,1,0,1,0,0
853,Yawning,1,1,0,0,0,0,1,1,0,1,0,0
854,Yawning,1,1,0,0,0,0,1,1,0,1,0,0
855,Yawning,1,1,0,0,0,0,1,1,0,1,0,0
856,Yawning,1,1,0,0,0,0,1,1,0,1,0,0
857,Yawning,1,1,0,0,0,0,1,1,0,1,0,0
858,Yawning,1,1,0,0,0,0,1,1,0,1,0,0
859,Yawning,1,1,0,0,0,0,1,1,0,1,0,0
860,Yawning,1,1,0,0,0,0,1,1,0,0,0,1
861,Yawning,1,1,0,0,0,0,1,1,0,0,0,1
862,Yawning,1,1,0,0,0,0,1,1,0,1,0,0
863,Yawning,1,1,0,0,0,0,1,1,0,0,0,1
864,Yawning,1,1,0,0,0,0,1,1,0,0,0,1
865,Yawning,1,1,0,0,0,0,1,1,0,0,0,1
866,Yawning,1,1,0,0,0,0,1,1,0,0,0,1
867,Yawning,1,1,0,0,0,0,1,1,0,0,0,1
868,Yawning,1,1,0,0,0,0,1,1,0,0,0,1
869,Yawning,1,1,0,0,0,0,1,1,0,0,0,1
870,Yawning,1,1,0,0,0,0,1,1,0,0,0,1
871,Yawning,1,1,0,0,0,0,1,1,0,0,0,1
872,Yawning,1,1,0,0,0,0,1,1,0,0,0,1
873,Yawning,1,1,0,0,0,0,1,1,0,0,0,1
874,Yawning,1,1,0,0,0,0,1,1,0,0,0,1
875,Yawning,1,1,0,0,0,0,1,1,0,0,0,1
876,Yawning,1,1,0,0,0,0,1,1,0,0,0,1
877,Yawning,1,1,0,0,0,0,1,1,0,0,0,1
878,Yawning,1,1,0,0,0,0,1,1,0,0,0,1
879,Yawning,1,1,0,0,0,0,1,1,0,0,0,1
880,Yawning,1,1,0,0,0,0,1,1,0,0,0,1
881,Yawning,1,1,0,0,0,0,1,1,0,0,0,1
882,Yawning,1,1,0,0,0,0,1,1,0,0,0,1
883,Yawning,1,1,0,0,0,0,1,1,0,0,0,1
884,Yawning,1,1,0,0,0,0,1,1,0,0,0,1
885,Yawning,1,1,0,0,0,0,1,1,0,0,0,1
886,Yawning,1,1,0,0,0,0,1,1,0,0,0,1
887,Yawning,1,1,0,0,0,0,1,1,0,0,0,1
888,Yawning,1,1,0,0,0,0,1,1,0,0,0,1
889,Yawning,1,1,0,0,0,0,1,1,0,0,0,1
890,Yawning,1,1,0,0,0,0,1,1,0,0,0,1
891,Yawning,1,1,0,0,0,0,1,1,0,0,0,1
892,Yawning,1,1,0,0,0,0,1,1,0,1,0,0
893,Yawning,1,1,0,0,0,0,1,1,0,0,0,1
894,Yawning,1,1,0,0,0,0,1,1,0,0,0,1
895,Yawning,1,1,0,0,0,0,1,1,0,0,0,1
896,Yawning,1,1,0,0,0,0,1,1,0,0,0,1
897,Emotion Happy,1,0,0,0,0,0,1,1,0,0,0,1
898,Emotion Happy,1,0,0,0,0,0,1,1,0,0,0,1
899,Emotion Happy,1,0,0,0,0,0,1,1,0,0,0,1
900,Emotion Happy,1,0,0,0,0,0,1,1,0,0,0,1
901,Emotion Happy,1,0,0,0,0,0,1,1,0,0,0,1
902,Emotion Happy,1,0,0,0,0,0,1,1,0,0,0,1
903,Emotion Happy,1,0,0,0,0,0,1,1,0,0,0,1
904,Emotion Happy,1,0,0,0,0,0,1,1,0,0,0,1
905,Emotion Happy,1,0,0,0,0,0,1,1,0,0,0,1
906,Emotion Happy,1,0,0,0,0,0,1,1,0,0,0,1
907,Emotion Happy,1,0,0,0,0,0,1,1,0,0,0,1
908,Emotion Happy,1,0,0,0,0,0,1,1,0,0,0,1
909,Emotion Happy,1,0,0,0,0,0,1,1,0,0,0,1
910,Emotion Happy,1,0,0,0,0,0,1,1,0,0,0,1
911,Emotion Happy,1,0,0,0,0,0,1,1,0,0,0,1
912,Emotion Happy,1,0,0,0,0,0,1,1,0,0,0,1
913,Emotion Happy,1,0,0,0,0,0,1,1,0,0,0,1
914,Emotion Happy,1,0,0,0,0,0,1,1,0,0,0,1
915,Emotion Happy,1,0,0,0,0,0,1,1,0,0,0,1
916,Emotion Happy,1,0,0,0,0,0,1,1,0,0,0,1
917,Emotion Happy,1,0,0,0,0,0,1,1,0,0,0,1
918,Emotion Happy,1,0,0,0,0,0,1,1,0,0,0,1
919,Emotion Happy,1,0,0,0,0,0,1,1,0,0,0,1
920,Emotion Happy,1,0,0,0,0,0,1,1,0,0,0,1
921,Emotion Happy,1,0,0,0,0,0,1,1,0,0,0,1
922,Emotion Happy,1,0,0,0,0,0,1,1,0,0,0,1
923,Emotion Happy,1,0,0,0,0,0,1,1,0,0,0,1
924,Emotion Happy,1,0,0,0,0,0,1,1,0,0,0,1
925,Emotion Happy,1,0,0,0,0,0,1,1,0,0,0,1
926,Emotion Happy,1,0,0,0,0,0,1,1,0,0,0,1
927,Emotion Happy,1,0,0,0,0,0,1,1,0,0,0,1
928,Emotion Happy,1,0,0,0,0,0,1,1,0,0,0,1
929,Emotion Happy,1,0,0,0,0,0,1,1,0,0,0,1
930,Emotion Happy,1,0,0,0,0,0,1,1,0,0,0,1
931,Emotion Happy,1,0,0,0,0,0,1,1,0,0,0,1
932,Emotion Happy,1,0,0,0,0,0,1,1,0,0,0,1
933,Emotion Happy,1,0,0,0,0,0,1,1,0,0,0,1
934,Emotion Happy,1,0,0,0,0,0,1,1,0,0,0,1
935,Emotion Happy,1,0,0,0,0,0,1,1,0,0,0,1
936,Emotion Happy,1,0,0,0,0,0,1,1,0,0,0,1
937,Emotion Happy,1,0,0,0,0,0,1,1,0,0,0,1
938,Emotion Happy,1,0,0,0,0,0,1,1,0,0,0,1
939,Emotion Happy,1,0,0,0,0,0,1,1,0,0,0,1
940,Emotion Happy,1,0,0,0,0,0,1,1,0,0,0,1
941,Emotion Happy,1,0,0,0,0,0,1,1,0,0,0,1
942,Emotion Happy,1,0,0,0,0,0,1,1,0,0,0,1
943,Emotion Happy,1,0,0,0,0,0,1,1,0,0,0,1
944,Emotion Happy,1,0,0,0,0,0,1,1,0,0,0,1
945,Emotion Happy,1,0,0,0,0,0,1,1,0,0,0,1
946,Emotion Happy,1,0,0,0,0,0,1,1,0,0,0,1
947,Emotion Happy,1,0,0,0,0,0,1,1,0,0,0,1
948,Emotion Happy,1,0,0,0,0,0,1,1,0,0,0,1
949,Emotion Happy,1,0,0,0,0,0,1,1,0,0,0,1
950,Emotion Happy,1,0,0,0,0,0,1,1,0,0,0,1
951,Emotion Happy,1,0,0,0,0,0,1,1,0,0,0,1
952,Emotion Happy,1,0,0,0,0,0,1,1,0,0,0,1
953,Emotion Happy,1,0,0,0,0,0,1,1,0,0,0,1
954,Emotion Happy,1,0,0,0,0,0,1,1,0,0,0,1
955,Emotion Happy,1,0,0,0,0,0,1,1,0,0,0,1
956,Emotion Happy,1,0,0,0,0,0,1,1,0,0,0,1
957,Emotion Happy,1,0,0,0,0,0,1,1,0,0,0,1
958,Emotion Happy,1,0,0,0,0,0,1,1,0,0,0,1
959,Emotion Happy,1,0,0,0,0,0,1,1,0,0,0,1
960,Emotion Happy,1,0,0,0,0,0,1,1,0,0,0,1
961,Emotion Happy,1,0,0,0,0,0,1,1,0,0,0,1
962,Emotion Happy,1,0,0,0,0,0,1,1,0,0,0,1
963,Emotion Happy,1,0,0,0,0,0,1,1,0,0,0,1
964,Emotion Happy,1,0,0,0,0,0,1,1,0,0,0,1
965,Emotion Happy,1,0,0,0,0,0,1,1,0,0,0,1
966,Emotion Happy,1,0,0,0,0,0,1,1,0,0,0,1
967,Emotion Happy,1,0,0,0,0,0,1,1,0,0,0,1
968,Emotion Happy,1,0,0,0,0,0,1,1,0,0,0,1
969,Emotion Happy,1,0,0,0,0,0,1,1,0,0,0,1
970,Emotion Happy,1,0,0,0,0,0,1,1,0,0,0,1
971,Emotion Happy,1,0,0,0,0,0,1,1,0,0,0,1
972,Emotion Happy,1,0,0,0,0,0,1,1,0,0,0,1
973,Emotion Happy,1,0,0,0,0,0,1,1,0,0,0,1
974,Emotion Happy,1,0,0,0,0,0,1,1,0,0,0,1
975,Emotion Happy,1,0,0,0,0,0,1,1,0,0,0,1
976,Emotion Happy,1,0,0,0,0,0,1,1,0,0,0,1
977,Emotion Happy,1,0,0,0,0,0,1,1,0,0,0,1
978,Emotion Happy,1,0,0,0,0,0,1,1,0,0,0,1
979,Emotion Happy,1,0,0,0,0,0,1,1,0,0,0,1
980,Emotion Happy,1,0,0,0,0,0,1,1,0,0,0,1
981,Emotion Happy,1,0,0,0,0,0,1,1,0,0,0,1
982,Emotion Happy,1,0,0,0,0,0,1,1,0,0,0,1
983,Emotion Happy,1,0,0,0,0,0,1,1,0,0,0,1
984,Emotion Happy,1,0,0,0,0,0,1,1,0,0,0,1
985,Emotion Happy,1,0,0,0,0,0,1,1,0,0,0,1
986,Emotion Happy,1,0,0,0,0,0,1,1,0,0,0,1
987,Emotion Happy,1,0,0,0,0,0,1,1,0,0,0,1
988,Emotion Happy,1,0,0,0,0,0,1,1,0,0,0,1
989,Emotion Happy,1,0,0,0,0,0,1,1,0,0,0,1
990,Emotion Happy,1,0,0,0,0,0,1,1,0,0,0,1
991,Emotion Happy,1,0,0,0,0,0,1,1,0,0,0,1
992,Emotion Happy,1,0,0,0,0,0,1,1,0,0,0,1
993,Emotion Happy,1,0,0,0,0,0,1,1,0,0,0,1
994,Emotion Happy,1,0,0,0,0,0,1,1,0,0,0,1
995,Emotion Happy,1,0,0,0,0,0,1,1,0,0,0,1
996,Emotion Happy,1,0,0,0,0,0,1,1,0,0,0,1
997,Emotion Happy,1,0,0,0,0,0,1,1,0,0,0,1
998,Emotion Happy,1,0,0,0,0,0,1,1,0,0,0,1
999,Emotion Happy,1,0,0,0,0,0,1,1,0,0,0,1
1000,Emotion Happy,1,0,0,0,0,0,1,1,0,0,0,1
1001,Emotion Happy,1,0,0,0,0,0,1,1,0,0,0,1
1002,Emotion Happy,1,0,0,0,0,0,1,1,0,0,0,1
1003,Emotion Happy,1,0,0,0,0,0,1,1,0,0,0,1
1004,Emotion Happy,1,0,0,0,0,0,1,1,0,0,0,1
1005,Emotion Happy,1,0,0,0,0,0,1,1,0,0,0,1
1006,Emotion Happy,1,0,0,0,0,0,1,1,0,0,0,1
1007,Emotion Happy,1,0,0,0,0,0,1,1,0,0,0,1
1008,Emotion Happy,1,0,0,0,0,0,1,1,0,0,0,1
1009,Emotion Happy,1,0,0,0,0,0,1,1,0,0,0,1
1010,Emotion Happy,1,0,0,0,0,0,1,1,0,0,0,1
1011,Emotion Happy,1,0,0,0,0,0,1,1,0,0,0,1
1012,Emotion Happy,1,0,0,0,0,0,1,1,0,0,0,1
1013,Emotion Happy,1,0,0,0,0,0,1,1,0,0,0,1
1014,Emotion Happy,1,0,0,0,0,0,1,1,0,0,0,1
1015,Emotion Happy,1,0,0,0,0,0,1,1,0,0,0,1
1016,Emotion Happy,1,0,0,0,0,0,1,1,0,0,0,1
1017,Emotion Happy,1,0,0,0,0,0,1,1,0,0,0,1
1018,Emotion Happy,1,0,0,0,0,0,1,1,0,0,0,1
1019,Emotion Happy,1,0,0,0,0,0,1,1,0,0,0,1
1020,Emotion Happy,1,0,0,0,0,0,1,1,0,0,0,1
1021,Emotion Happy,1,0,0,0,0,0,1,1,0,0,0,1
1022,Emotion Happy,1,0,0,0,0,0,1,1,0,0,0,1
1023,Emotion Happy,1,0,0,0,0,0,1,1,0,0,0,1
1024,Emotion Happy,1,0,0,0,0,0,1,1,0,0,0,1
1025,Emotion Happy,1,0,0,0,0,0,1,1,0,0,0,1
1026,Emotion Happy,1,0,0,0,0,0,1,1,0,0,0,1
1027,Emotion Happy,1,0,0,0,0,0,1,1,0,0,0,1
1028,Emotion Happy,1,0,0,0,0,0,1,1,0,0,0,1
1029,Emotion Happy,1,0,0,0,0,0,1,1,0,0,0,1
1030,Emotion Happy,1,0,0,0,0,0,1,1,0,0,0,1
1031,Emotion Happy,1,0,0,0,0,0,1,1,0,0,0,1
1032,Emotion Happy,1,0,0,0,0,0,1,1,0,0,0,1
1033,Emotion Happy,1,0,0,0,0,0,1,1,0,0,0,1
1034,Emotion Happy,1,0,0,0,0,0,1,1,0,0,0,1
1035,Emotion Happy,1,0,0,0,0,0,1,1,0,0,0,1
1036,Emotion Happy,1,0,0,0,0,0,1,1,0,0,0,1
1037,Emotion Happy,1,0,0,0,0,0,1,1,0,0,0,1
1038,Emotion Happy,1,0,0,0,0,0,1,1,0,0,0,1
1039,Emotion Happy,1,0,0,0,0,0,1,1,0,0,0,1
1040,Emotion Happy,1,0,0,0,0,0,1,1,0,0,0,1
1041,Emotion Happy,1,0,0,0,0,0,1,1,0,0,0,1
1042,Emotion Happy,1,0,0,0,0,0,1,1,0,0,0,1
1043,Emotion Happy,1,0,0,0,0,0,1,1,0,0,0,1
1044,Emotion Happy,1,0,0,0,0,0,1,1,0,0,0,1
1045,Emotion Happy,1,0,0,0,0,0,1,1,0,0,0,1
1046,Emotion Happy,1,0,0,0,0,0,1,1,0,0,0,1
1047,Emotion Sad,1,0,0,0,0,0,1,1,0,0,0,1
1048,Emotion Sad,1,0,0,0,0,0,1,1,0,0,0,1
1049,Emotion Sad,1,0,0,0,0,0,1,1,0,0,0,1
1050,Emotion Sad,1,0,0,0,0,0,1,1,0,0,0,1
1051,Emotion Sad,1,0,0,0,0,0,1,1,0,0,0,1
1052,Emotion Sad,1,0,0,0,0,0,1,1,0,0,0,1
1053,Emotion Sad,1,0,0,0,0,0,1,1,0,0,0,1
1054,Emotion Sad,1,0,0,0,0,0,1,1,0,0,0,1
1055,Emotion Sad,1,0,0,0,0,0,1,1,0,0,0,1
1056,Emotion Sad,1,0,0,0,0,0,1,1,0,0,0,1
1057,Emotion Sad,1,0,0,0,0,0,1,1,0,0,0,1
1058,Emotion Sad,1,0,0,0,0,0,1,1,0,0,0,1
1059,Emotion Sad,1,0,0,0,0,0,1,1,0,0,0,1
1060,Emotion Sad,1,0,0,0,0,0,1,1,0,0,0,1
1061,Emotion Sad,1,0,0,0,0,0,1,1,0,0,0,1
1062,Emotion Sad,1,0,0,0,0,0,1,1,0,0,0,1
1063,Emotion Sad,1,0,0,0,0,0,1,1,0,0,0,1
1064,Emotion Sad,1,0,0,0,0,0,1,1,0,0,0,1
1065,Emotion Sad,1,0,0,0,0,0,1,1,0,0,0,1
1066,Emotion Sad,1,0,0,0,0,0,1,1,0,0,0,1
1067,Emotion Sad,1,0,0,0,0,0,1,1,0,0,0,1
1068,Emotion Sad,1,0,0,0,0,0,1,1,0,0,0,1
1069,Emotion Sad,1,0,0,0,0,0,1,1,0,0,0,1
1070,Emotion Sad,1,0,0,0,0,0,1,1,0,0,0,1
1071,Emotion Sad,1,0,0,0,0,0,1,1,0,0,0,1
1072,Emotion Sad,1,0,0,0,0,0,1,1,0,0,0,1
1073,Emotion Sad,1,0,0,0,0,0,1,1,0,0,0,1
1074,Emotion Sad,1,0,0,0,0,0,1,1,0,0,0,1
1075,Emotion Sad,1,0,0,0,0,0,1,1,0,0,0,1
1076,Emotion Sad,1,0,0,0,0,0,1,1,0,0,0,1
1077,Emotion Sad,1,0,0,0,0,0,1,1,0,0,0,1
1078,Emotion Sad,1,0,0,0,0,0,1,1,0,0,0,1
1079,Emotion Sad,1,0,0,0,0,0,1,1,0,0,0,1
1080,Emotion Sad,1,0,0,0,0,0,1,1,0,0,0,1
1081,Emotion Sad,1,0,0,0,0,0,1,1,0,0,0,1
1082,Emotion Sad,1,0,0,0,0,0,1,1,0,0,0,1
1083,Emotion Sad,1,0,0,0,0,0,1,1,0,0,0,1
1084,Emotion Sad,1,0,0,0,0,0,1,1,0,0,0,1
1085,Emotion Sad,1,0,0,0,0,0,1,1,0,0,0,1
1086,Emotion Sad,1,0,0,0,0,0,1,1,0,0,0,1
1087,Emotion Sad,1,0,0,0,0,0,1,1,0,0,0,1
1088,Emotion Sad,1,0,0,0,0,0,1,1,0,0,0,1
1089,Emotion Sad,1,0,0,0,0,0,1,1,0,0,0,1
1090,Emotion Sad,1,0,0,0,0,0,1,1,0,0,0,1
1091,Emotion Sad,1,0,0,0,0,0,1,1,0,0,0,1
1092,Emotion Sad,1,0,0,0,0,0,1,1,0,0,0,1
1093,Emotion Sad,1,0,0,0,0,0,1,1,0,0,0,1
1094,Emotion Sad,1,0,0,0,0,0,1,1,0,0,0,1
1095,Emotion Sad,1,0,0,0,0,0,1,1,0,0,0,1
1096,Emotion Sad,1,0,0,0,0,0,1,1,0,0,0,1
1097,Emotion Sad,1,0,0,0,0,0,1,1,0,0,0,1
1098,Emotion Sad,1,0,0,0,0,0,1,1,0,0,0,1
1099,Emotion Sad,1,0,0,0,0,0,1,1,0,0,0,1
1100,Emotion Sad,1,0,0,0,0,0,1,1,0,0,0,1
1101,Emotion Sad,1,0,0,0,0,0,1,1,0,0,0,1
1102,Emotion Sad,1,0,0,0,0,0,1,1,0,0,0,1
1103,Emotion Sad,1,0,0,0,0,0,1,1,0,0,0,1
1104,Emotion Sad,1,0,0,0,0,0,1,1,0,0,0,1
1105,Emotion Sad,1,0,0,0,0,0,1,1,0,0,0,1
1106,Emotion Sad,1,0,0,0,0,0,1,1,0,0,0,1
1107,Emotion Sad,1,0,0,0,0,0,1,1,0,0,0,1
1108,Emotion Sad,1,0,0,0,0,0,1,1,0,0,0,1
1109,Emotion Sad,1,0,0,0,0,0,1,1,0,0,0,1
1110,Emotion Sad,1,0,0,0,0,0,1,1,0,0,0,1
1111,Emotion Sad,1,0,0,0,0,0,1,1,0,0,0,1
1112,Emotion Sad,1,0,0,0,0,0,1,1,0,0,0,1
1113,Emotion Sad,1,0,0,0,0,0,1,1,0,0,0,1
1114,Emotion Sad,1,0,0,0,0,0,1,1,0,0,0,1
1115,Emotion Sad,1,0,0,0,0,0,1,1,0,0,0,1
1116,Emotion Sad,1,0,0,0,0,0,1,1,0,0,0,1
1117,Emotion Sad,1,0,0,0,0,0,1,1,0,0,0,1
1118,Emotion Sad,1,0,0,0,0,0,1,1,0,0,0,1
1119,Emotion Sad,1,0,0,0,0,0,1,1,0,0,0,1
1120,Emotion Sad,1,0,0,0,0,0,1,1,0,0,0,1
1121,Emotion Sad,1,0,0,0,0,0,1,1,0,0,0,1
1122,Emotion Sad,1,0,0,0,0,0,1,1,0,0,0,1
1123,Emotion Sad,1,0,0,0,0,0,1,1,0,0,0,1
1124,Emotion Sad,1,0,0,0,0,0,1,1,0,0,0,1
1125,Emotion Sad,1,0,0,0,0,0,1,1,0,0,0,1
1126,Emotion Sad,1,0,0,0,0,0,1,1,0,0,0,1
1127,Emotion Sad,1,0,0,0,0,0,1,1,0,0,0,1
1128,Emotion Sad,1,0,0,0,0,0,1,1,0,0,0,1
1129,Emotion Sad,1,0,0,0,0,0,1,1,0,0,0,1
1130,Emotion Sad,1,0,0,0,0,0,1,1,0,0,0,1
1131,Emotion Sad,1,0,0,0,0,0,1,1,0,0,0,1
1132,Emotion Sad,1,0,0,0,0,0,1,1,0,0,0,1
1133,Emotion Sad,1,0,0,0,0,0,1,1,0,0,0,1
1134,Emotion Sad,1,0,0,0,0,0,1,1,0,0,0,1
1135,Emotion Sad,1,0,0,0,0,0,1,1,0,0,0,1
1136,Emotion Sad,1,0,0,0,0,0,1,1,0,0,0,1
1137,Emotion Sad,1,0,0,0,0,0,1,1,0,0,0,1
1138,Emotion Sad,1,0,0,0,0,0,1,1,0,0,0,1
1139,Emotion Sad,1,0,0,0,0,0,1,1,0,0,0,1
1140,Emotion Sad,1,0,0,0,0,0,1,1,0,0,0,1
1141,Emotion Sad,1,0,0,0,0,0,1,1,0,0,0,1
1142,Emotion Sad,1,0,0,0,0,0,1,1,0,0,0,1
1143,Emotion Sad,1,0,0,0,0,0,1,1,0,0,0,1
1144,Emotion Sad,1,0,0,0,0,0,1,1,0,0,0,1
1145,Emotion Sad,1,0,0,0,0,0,1,1,0,0,0,1
1146,Emotion Sad,1,0,0,0,0,0,1,1,0,0,0,1
1147,Emotion Sad,1,0,0,0,0,0,1,1,0,0,0,1
1148,Emotion Sad,1,0,0,0,0,0,1,1,0,0,0,1
1149,Emotion Sad,1,0,0,0,0,0,1,1,0,0,0,1
1150,Emotion Sad,1,0,0,0,0,0,1,1,0,0,0,1
1151,Emotion Sad,1,0,0,0,0,0,1,1,0,0,0,1
1152,Emotion Sad,1,0,0,0,0,0,1,1,0,0,0,1
1153,Emotion Sad,1,0,0,0,0,0,1,1,0,0,0,1
1154,Emotion Sad,1,0,0,0,0,0,1,1,0,0,0,1
1155,Emotion Sad,1,0,0,0,0,0,1,1,0,0,0,1
1156,Emotion Sad,1,0,0,0,0,0,1,1,0,0,0,1
1157,Emotion Sad,1,0,0,0,0,0,1,1,0,0,0,1
1158,Emotion Sad,1,0,0,0,0,0,1,1,0,0,0,1
1159,Emotion Sad,1,0,0,0,0,0,1,1,0,0,0,1
1160,Emotion Sad,1,0,0,0,0,0,1,1,0,0,0,1
1161,Emotion Sad,1,0,0,0,0,0,1,1,0,0,0,1
1162,Emotion Sad,1,0,0,0,0,0,1,1,0,0,0,1
1163,Emotion Sad,1,0,0,0,0,0,1,1,0,0,0,1
1164,Emotion Sad,1,0,0,0,0,0,1,1,0,0,0,1
1165,Emotion Sad,1,0,0,0,0,0,1,1,0,0,0,1
1166,Emotion Sad,1,0,0,0,0,0,1,1,0,0,0,1
1167,Emotion Sad,1,0,0,0,0,0,1,1,0,0,0,1
1168,Emotion Sad,1,0,0,0,0,0,1,1,0,0,0,1
1169,Emotion Sad,1,0,0,0,0,0,1,1,0,0,0,1
1170,Emotion Sad,1,0,0,0,0,0,1,1,0,0,0,1
1171,Emotion Sad,1,0,0,0,0,0,1,1,0,0,0,1
1172,Emotion Sad,1,0,0,0,0,0,1,1,0,0,0,1
1173,Emotion Sad,1,0,0,0,0,0,1,1,0,0,0,1
1174,Emotion Sad,1,0,0,0,0,0,1,1,0,0,0,1
1175,Emotion Sad,1,0,0,0,0,0,1,1,0,0,0,1
1176,Emotion Sad,1,0,0,0,0,0,1,1,0,0,0,1
1177,Emotion Sad,1,0,0,0,0,0,1,1,0,0,0,1
1178,Emotion Sad,1,0,0,0,0,0,1,1,0,0,0,1
1179,Emotion Sad,1,0,0,0,0,0,1,1,0,0,0,1
1180,Emotion Sad,1,0,0,0,0,0,1,1,0,0,0,1
1181,Emotion Sad,1,0,0,0,0,0,1,1,0,0,0,1
1182,Emotion Sad,1,0,0,0,0,0,1,1,0,0,0,1
1183,Emotion Sad,1,0,0,0,0,0,1,1,0,0,0,1
1184,Emotion Sad,1,0,0,0,0,0,1,1,0,0,0,1
1185,Emotion Sad,1,0,0,0,0,0,1,1,0,0,0,1
1186,Emotion Sad,1,0,0,0,0,0,1,1,0,0,0,1
1187,Emotion Sad,1,0,0,0,0,0,1,1,0,0,0,1
1188,Emotion Sad,1,0,0,0,0,0,1,1,0,0,0,1
1189,Emotion Sad,1,0,0,0,0,0,1,1,0,0,0,1
1190,Emotion Sad,1,0,0,0,0,0,1,1,0,0,0,1
1191,Emotion Sad,1,0,0,0,0,0,1,1,0,0,0,1
1192,Emotion Sad,1,0,0,0,0,0,1,1,0,0,0,1
1193,Emotion Sad,1,0,0,0,0,0,1,1,0,0,0,1
1194,Emotion Sad,1,0,0,0,0,0,1,1,0,0,0,1
1195,Emotion Sad,1,0,0,0,0,0,1,1,0,0,0,1
1196,Emotion Sad,1,0,0,0,0,0,1,1,0,0,0,1
1197,Emotion Sad,1,0,0,0,0,0,1,1,0,0,0,1
1198,Emotion Surprise,1,0,0,0,0,0,1,1,0,0,0,1
1199,Emotion Surprise,1,0,0,0,0,0,1,1,0,0,0,1
1200,Emotion Surprise,1,0,0,0,0,0,1,1,0,0,0,1
1201,Emotion Surprise,1,1,0,0,0,0,1,1,0,0,0,1
1202,Emotion Surprise,1,1,0,0,0,0,1,1,0,0,0,1
1203,Emotion Surprise,1,1,0,0,0,0,1,1,0,0,0,1
1204,Emotion Surprise,1,1,0,0,0,0,1,1,0,0,0,1
1205,Emotion Surprise,1,1,0,0,0,0,1,1,0,0,0,1
1206,Emotion Surprise,1,1,0,0,0,0,1,1,0,0,0,1
1207,Emotion Surprise,1,1,0,0,0,0,1,1,0,0,0,1
1208,Emotion Surprise,1,1,0,0,0,0,1,1,0,0,0,1
1209,Emotion Surprise,1,1,0,0,0,0,1,1,0,0,0,1
1210,Emotion Surprise,1,1,0,0,0,0,1,1,0,0,0,1
1211,Emotion Surprise,1,1,0,0,0,0,1,1,0,0,0,1
1212,Emotion Surprise,1,1,0,0,0,0,1,1,0,0,0,1
1213,Emotion Surprise,1,1,0,0,0,0,1,1,0,0,0,1
1214,Emotion Surprise,1,1,0,0,0,0,1,1,0,0,0,1
1215,Emotion Surprise,1,1,0,0,0,0,1,1,0,0,0,1
1216,Emotion Surprise,1,1,0,0,0,0,1,1,0,0,0,1
1217,Emotion Surprise,1,1,0,0,0,0,1,1,0,0,0,1
1218,Emotion Surprise,1,1,0,0,0,0,1,1,0,0,0,1
1219,Emotion Surprise,1,1,0,0,0,0,1,1,0,0,0,1
1220,Emotion Surprise,1,1,0,0,0,0,1,1,0,0,0,1
1221,Emotion Surprise,1,1,0,0,0,0,1,1,0,0,0,1
1222,Emotion Surprise,1,1,0,0,0,0,1,1,0,0,0,1
1223,Emotion Surprise,1,1,0,0,0,0,1,1,0,0,0,1
1224,Emotion Surprise,1,1,0,0,0,0,1,1,0,0,0,1
1225,Emotion Surprise,1,1,0,0,0,0,1,1,0,0,0,1
1226,Emotion Surprise,1,1,0,0,0,0,1,1,0,0,0,1
1227,Emotion Surprise,1,1,0,0,0,0,1,1,0,0,0,1
1228,Emotion Surprise,1,1,0,0,0,0,1,1,0,0,0,1
1229,Emotion Surprise,1,1,0,0,0,0,1,1,0,0,0,1
1230,Emotion Surprise,1,1,0,0,0,0,1,1,0,0,0,1
1231,Emotion Surprise,1,1,0,0,0,0,1,1,0,0,0,1
1232,Emotion Surprise,1,1,0,0,0,0,1,1,0,0,0,1
1233,Emotion Surprise,1,1,0,0,0,0,1,1,0,0,0,1
1234,Emotion Surprise,1,1,0,0,0,0,1,1,0,0,0,1
1235,Emotion Surprise,1,1,0,0,0,0,1,1,0,0,0,1
1236,Emotion Surprise,1,1,0,0,0,0,1,1,0,0,0,1
1237,Emotion Surprise,1,1,0,0,0,0,1,1,0,0,0,1
1238,Emotion Surprise,1,1,0,0,0,0,1,1,0,0,0,1
1239,Emotion Surprise,1,1,0,0,0,0,1,1,0,0,0,1
1240,Emotion Surprise,1,1,0,0,0,0,1,1,0,0,0,1
1241,Emotion Surprise,1,1,0,0,0,0,1,1,0,0,0,1
1242,Emotion Surprise,1,1,0,0,0,0,1,1,0,0,0,1
1243,Emotion Surprise,1,1,0,0,0,0,1,1,0,0,0,1
1244,Emotion Surprise,1,1,0,0,0,0,1,1,0,0,0,1
1245,Emotion Surprise,1,1,0,0,0,0,1,1,0,0,0,1
1246,Emotion Surprise,1,1,0,0,0,0,1,1,0,0,0,1
1247,Emotion Surprise,1,1,0,0,0,0,1,1,0,0,0,1
1248,Emotion Surprise,1,1,0,0,0,0,1,1,0,0,0,1
1249,Emotion Surprise,1,1,0,0,0,0,1,1,0,0,0,1
1250,Emotion Surprise,1,1,0,0,0,0,1,1,0,0,0,1
1251,Emotion Surprise,1,1,0,0,0,0,1,1,0,0,0,1
1252,Emotion Surprise,1,1,0,0,0,0,1,1,0,0,0,1
1253,Emotion Surprise,1,1,0,0,0,0,1,1,0,0,0,1
1254,Emotion Surprise,1,1,0,0,0,0,1,1,0,0,0,1
1255,Emotion Surprise,1,1,0,0,0,0,1,1,0,0,0,1
1256,Emotion Surprise,1,1,0,0,0,0,1,1,0,0,0,1
1257,Emotion Surprise,1,1,0,0,0,0,1,1,0,0,0,1
1258,Emotion Surprise,1,1,0,0,0,0,1,1,0,0,0,1
1259,Emotion Surprise,1,1,0,0,0,0,1,1,0,0,0,1
1260,Emotion Surprise,1,1,0,0,0,0,1,1,0,0,0,1
1261,Emotion Surprise,1,1,0,0,0,0,1,1,0,0,0,1
1262,Emotion Surprise,1,1,0,0,0,0,1,1,0,0,0,1
1263,Emotion Surprise,1,1,0,0,0,0,1,1,0,0,0,1
1264,Emotion Surprise,1,1,0,0,0,0,1,1,0,0,0,1
1265,Emotion Surprise,1,1,0,0,0,0,1,1,0,0,0,1
1266,Emotion Surprise,1,1,0,0,0,0,1,1,0,0,0,1
1267,Emotion Surprise,1,1,0,0,0,0,1,1,0,0,0,1
1268,Emotion Surprise,1,1,0,0,0,0,1,1,0,0,0,1
1269,Emotion Surprise,1,1,0,0,0,0,1,1,0,0,0,1
1270,Emotion Surprise,1,1,0,0,0,0,1,1,0,0,0,1
1271,Emotion Surprise,1,1,0,0,0,0,1,1,0,0,0,1
1272,Emotion Surprise,1,1,0,0,0,0,1,1,0,0,0,1
1273,Emotion Surprise,1,1,0,0,0,0,1,1,0,0,0,1
1274,Emotion Surprise,1,1,0,0,0,0,1,1,0,0,0,1
1275,Emotion Surprise,1,1,0,0,0,0,1,1,0,0,0,1
1276,Emotion Surprise,1,1,0,0,0,0,1,1,0,0,0,1
1277,Emotion Surprise,1,1,0,0,0,0,1,1,0,0,0,1
1278,Emotion Surprise,1,1,0,0,0,0,1,1,0,0,0,1
1279,Emotion Surprise,1,1,0,0,0,0,1,1,0,0,0,1
1280,Emotion Surprise,1,1,0,0,0,0,1,1,0,0,0,1
1281,Emotion Surprise,1,1,0,0,0,0,1,1,0,0,0,1
1282,Emotion Surprise,1,1,0,0,0,0,1,1,0,0,0,1
1283,Emotion Surprise,1,1,0,0,0,0,1,1,0,0,0,1
1284,Emotion Surprise,1,1,0,0,0,0,1,1,0,0,0,1
1285,Emotion Surprise,1,1,0,0,0,0,1,1,0,0,0,1
1286,Emotion Surprise,1,1,0,0,0,0,1,1,0,0,0,1
1287,Emotion Surprise,1,1,0,0,0,0,1,1,0,0,0,1
1288,Emotion Surprise,1,1,0,0,0,0,1,1,0,0,0,1
1289,Emotion Surprise,1,1,0,0,0,0,1,1,0,0,0,1
1290,Emotion Surprise,1,1,0,0,0,0,1,1,0,0,0,1
1291,Emotion Surprise,1,1,0,0,0,0,1,1,0,0,0,1
1292,Emotion Surprise,1,1,0,0,0,0,1,1,0,0,0,1
1293,Emotion Surprise,1,1,0,0,0,0,1,1,0,0,0,1
1294,Emotion Surprise,1,1,0,0,0,0,1,1,0,0,0,1
1295,Emotion Surprise,1,1,0,0,0,0,1,1,0,0,0,1
1296,Emotion Surprise,1,1,0,0,0,0,1,1,0,0,0,1
1297,Emotion Surprise,1,1,0,0,0,0,1,1,0,0,0,1
1298,Emotion Surprise,1,1,0,0,0,0,1,1,0,0,0,1
1299,Emotion Surprise,1,1,0,0,0,0,1,1,0,0,0,1
1300,Emotion Surprise,1,1,0,0,0,0,1,1,0,0,0,1
1301,Emotion Surprise,1,1,0,0,0,0,1,1,0,0,0,1
1302,Emotion Surprise,1,1,0,0,0,0,1,1,0,0,0,1
1303,Emotion Surprise,1,1,0,0,0,0,1,1,0,0,0,1
1304,Emotion Surprise,1,1,0,0,0,0,1,1,0,0,0,1
1305,Emotion Surprise,1,1,0,0,0,0,1,1,0,0,0,1
1306,Emotion Surprise,1,1,0,0,0,0,1,1,0,0,0,1
1307,Emotion Surprise,1,1,0,0,0,0,1,1,0,0,0,1
1308,Emotion Surprise,1,1,0,0,0,0,1,1,0,0,0,1
1309,Emotion Surprise,1,1,0,0,0,0,1,1,0,0,0,1
1310,Emotion Surprise,1,1,0,0,0,0,1,1,0,0,0,1
1311,Emotion Surprise,1,1,0,0,0,0,1,1,0,0,0,1
1312,Emotion Surprise,1,1,0,0,0,0,1,1,0,0,0,1
1313,Emotion Surprise,1,1,0,0,0,0,1,1,0,0,0,1
1314,Emotion Surprise,1,1,0,0,0,0,1,1,0,0,0,1
1315,Emotion Surprise,1,1,0,0,0,0,1,1,0,0,0,1
1316,Emotion Surprise,1,1,0,0,0,0,1,1,0,0,0,1
1317,Emotion Surprise,1,1,0,0,0,0,1,1,0,0,0,1
1318,Emotion Surprise,1,1,0,0,0,0,1,1,0,0,0,1
1319,Emotion Surprise,1,1,0,0,0,0,1,1,0,0,0,1
1320,Emotion Surprise,1,1,0,0,0,0,1,1,0,0,0,1
1321,Emotion Surprise,1,1,0,0,0,0,1,1,0,0,0,1
1322,Emotion Surprise,1,1,0,0,0,0,1,1,0,0,0,1
1323,Emotion Surprise,1,1,0,0,0,0,1,1,0,0,0,1
1324,Emotion Surprise,1,1,0,0,0,0,1,1,0,0,0,1
1325,Emotion Surprise,1,1,0,0,0,0,1,1,0,0,0,1
1326,Emotion Surprise,1,1,0,0,0,0,1,1,0,0,0,1
1327,Emotion Surprise,1,1,0,0,0,0,1,1,0,0,0,1
1328,Emotion Surprise,1,1,0,0,0,0,1,1,0,0,0,1
1329,Emotion Surprise,1,1,0,0,0,0,1,1,0,0,0,1
1330,Emotion Surprise,1,1,0,0,0,0,1,1,0,0,0,1
1331,Emotion Surprise,1,1,0,0,0,0,1,1,0,0,0,1
1332,Emotion Surprise,1,1,0,0,0,0,1,1,0,0,0,1
1333,Emotion Surprise,1,1,0,0,0,0,1,1,0,0,0,1
1334,Emotion Surprise,1,1,0,0,0,0,1,1,0,0,0,1
1335,Emotion Surprise,1,1,0,0,0,0,1,1,0,0,0,1
1336,Emotion Surprise,1,1,0,0,0,0,1,1,0,0,0,1
1337,Emotion Surprise,1,1,0,0,0,0,1,1,0,0,0,1
1338,Emotion Surprise,1,1,0,0,0,0,1,1,0,0,0,1
1339,Emotion Surprise,1,1,0,0,0,0,1,1,0,0,0,1
1340,Emotion Surprise,1,1,0,0,0,0,1,1,0,0,0,1
1341,Emotion Surprise,1,1,0,0,0,0,1,1,0,0,0,1
1342,Emotion Surprise,1,1,0,0,0,0,1,1,0,0,0,1
1343,Emotion Surprise,1,1,0,0,0,0,1,1,0,0,0,1
1344,Hand Raise,1,0,1,0,0,0,1,0,0,1,0,0
1345,Hand Raise,1,0,1,0,0,0,1,0,0,0,0,1
1346,Hand Raise,1,0,1,0,0,0,1,1,0,0,0,1
1347,Hand Raise,1,0,1,0,0,0,1,0,0,0,0,1
1348,Hand Raise,1,0,1,0,0,0,1,0,0,0,0,1
1349,Hand Raise,1,0,1,0,0,0,1,0,0,0,0,1
1350,Hand Raise,1,0,1,0,0,0,1,0,0,0,0,1
1351,Hand Raise,1,0,1,0,0,0,1,0,0,0,0,1
1352,Hand Raise,1,0,1,0,0,0,1,0,0,0,0,1
1353,Hand Raise,1,0,1,0,0,0,1,0,0,0,0,1
1354,Hand Raise,1,0,1,0,0,0,1,0,0,0,0,1
1355,Hand Raise,1,0,1,0,0,0,1,0,0,0,0,1
1356,Hand Raise,1,0,1,0,0,0,1,0,0,0,0,1
1357,Hand Raise,1,0,1,0,0,0,1,0,0,0,0,1
1358,Hand Raise,1,0,1,0,0,0,1,0,0,0,0,1
1359,Hand Raise,1,0,1,0,0,0,1,0,0,0,0,1
1360,Hand Raise,1,0,1,0,0,0,1,0,0,0,0,1
1361,Hand Raise,1,0,1,0,0,0,1,0,0,0,0,1
1362,Hand Raise,1,0,1,0,0,0,1,0,0,0,0,1
1363,Hand Raise,1,0,1,0,0,0,1,0,0,0,0,1
1364,Hand Raise,1,0,1,0,0,0,1,0,0,0,0,1
1365,Hand Raise,1,0,1,0,0,0,1,0,0,0,0,1
1366,Hand Raise,1,0,1,0,0,0,1,0,0,0,0,1
1367,Hand Raise,1,0,1,0,0,0,1,0,0,0,0,1
1368,Hand Raise,1,0,1,0,0,0,1,0,0,0,0,1
1369,Hand Raise,1,0,1,0,0,0,1,0,0,1,0,0
1370,Hand Raise,1,0,1,0,0,0,1,0,0,1,0,0
1371,Hand Raise,1,0,1,0,0,0,1,0,0,1,0,0
1372,Hand Raise,1,0,1,0,0,0,1,0,0,1,0,0
1373,Hand Raise,1,0,1,0,0,0,1,0,0,0,0,1
1374,Hand Raise,1,0,1,0,0,0,1,0,0,0,0,1
1375,Hand Raise,1,0,1,0,0,0,1,0,0,0,0,1
1376,Hand Raise,1,0,1,0,0,0,1,0,0,0,0,1
1377,Hand Raise,1,0,1,0,0,0,1,0,0,0,0,1
1378,Hand Raise,1,0,1,0,0,0,1,0,0,0,0,1
1379,Hand Raise,1,0,1,0,0,0,1,0,0,0,0,1
1380,Hand Raise,1,0,1,0,0,0,1,0,0,0,0,1
1381,Hand Raise,1,0,1,0,0,0,1,0,0,0,0,1
1382,Hand Raise,1,0,1,0,0,0,1,0,0,0,0,1
1383,Hand Raise,1,0,1,0,0,0,1,0,0,0,0,1
1384,Hand Raise,1,0,1,0,0,0,1,0,0,0,0,1
1385,Hand Raise,1,0,1,0,0,0,1,0,0,0,0,1
1386,Hand Raise,1,0,1,0,0,0,1,0,0,0,0,1
1387,Hand Raise,1,0,1,0,0,0,1,0,0,0,0,1
1388,Hand Raise,1,0,1,0,0,0,1,0,0,0,0,1
1389,Hand Raise,1,0,1,0,0,0,1,0,0,0,0,1
1390,Hand Raise,1,0,1,0,0,0,1,0,0,0,0,1
1391,Hand Raise,1,0,1,0,0,0,1,0,0,0,0,1
1392,Hand Raise,1,0,1,0,0,0,1,0,0,0,0,1
1393,Hand Raise,1,0,1,0,0,0,1,0,0,0,0,1
1394,Hand Raise,1,0,1,0,0,0,1,0,0,0,0,1
1395,Hand Raise,1,0,1,0,0,0,1,0,0,0,0,1
1396,Hand Raise,1,0,1,0,0,0,1,0,0,0,0,1
1397,Hand Raise,1,0,1,0,0,0,1,0,0,0,0,1
1398,Hand Raise,1,0,1,0,0,0,1,0,0,0,0,1
1399,Hand Raise,1,0,1,0,0,0,1,0,0,0,0,1
1400,Hand Raise,1,0,1,0,0,0,1,0,0,0,0,1
1401,Hand Raise,1,0,1,0,0,0,1,0,0,0,0,1
1402,Hand Raise,1,0,1,0,0,0,1,0,0,0,0,1
1403,Hand Raise,1,0,1,0,0,0,1,0,0,0,0,1
1404,Hand Raise,1,0,1,0,0,0,1,0,0,0,0,1
1405,Hand Raise,1,0,1,0,0,0,1,0,0,0,0,1
1406,Hand Raise,1,0,1,0,0,0,1,0,0,0,0,1
1407,Hand Raise,1,0,1,0,0,0,1,0,0,0,0,1
1408,Hand Raise,1,0,1,0,0,0,1,0,0,0,0,1
1409,Hand Raise,1,0,1,0,0,0,1,0,0,0,0,1
1410,Hand Raise,1,0,1,0,0,0,1,0,0,0,0,1
1411,Hand Raise,1,0,1,0,0,0,1,0,0,0,0,1
1412,Hand Raise,1,0,1,0,0,0,1,0,0,0,0,1
1413,Hand Raise,1,0,1,0,0,0,1,0,0,0,0,1
1414,Hand Raise,1,0,1,0,0,0,1,0,0,0,0,1
1415,Hand Raise,1,0,1,0,0,0,1,0,0,0,0,1
1416,Hand Raise,1,0,1,0,0,0,1,0,0,0,0,1
1417,Hand Raise,1,0,1,0,0,0,1,0,0,0,0,1
1418,Hand Raise,1,0,1,0,0,0,1,0,0,0,0,1
1419,Hand Raise,1,0,1,0,0,0,1,0,0,0,0,1
1420,Hand Raise,1,0,1,0,0,0,1,0,0,0,0,1
1421,Hand Raise,1,0,1,0,0,0,1,0,0,0,0,1
1422,Hand Raise,1,0,1,0,0,0,1,0,0,0,0,1
1423,Hand Raise,1,0,1,0,0,0,1,0,0,0,0,1
1424,Hand Raise,1,0,1,0,0,0,1,0,0,0,0,1
1425,Hand Raise,1,0,1,0,0,0,1,0,0,0,0,1
1426,Hand Raise,1,0,1,0,0,0,1,0,0,0,0,1
1427,Hand Raise,1,0,1,0,0,0,1,0,0,0,0,1
1428,Hand Raise,1,0,1,0,0,0,1,0,0,0,0,1
1429,Hand Raise,1,0,1,0,0,0,1,0,0,0,0,1
1430,Hand Raise,1,0,1,0,0,0,1,0,0,0,0,1
1431,Hand Raise,1,0,1,0,0,0,1,0,0,0,0,1
1432,Hand Raise,1,0,1,0,0,0,1,0,0,0,0,1
1433,Hand Raise,1,0,1,0,0,0,1,0,0,0,0,1
1434,Hand Raise,1,0,1,0,0,0,1,0,0,0,0,1
1435,Hand Raise,1,0,1,0,0,0,1,0,0,0,0,1
1436,Hand Raise,1,0,1,0,0,0,1,0,0,0,0,1
1437,Hand Raise,1,0,1,0,0,0,1,0,0,0,0,1
1438,Hand Raise,1,0,1,0,0,0,1,0,0,0,0,1
1439,Hand Raise,1,0,1,0,0,0,1,0,0,0,0,1
1440,Hand Raise,1,0,1,0,0,0,1,0,0,0,0,1
1441,Hand Raise,1,0,1,0,0,0,1,0,0,0,0,1
1442,Hand Raise,1,0,1,0,0,0,1,0,0,0,0,1
1443,Hand Raise,1,0,1,0,0,0,1,0,0,0,0,1
1444,Hand Raise,1,0,1,0,0,0,1,0,0,0,0,1
1445,Hand Raise,1,0,1,0,0,0,1,0,0,0,0,1
1446,Hand Raise,1,0,1,0,0,0,1,0,0,0,0,1
1447,Hand Raise,1,0,1,0,0,0,1,0,0,0,0,1
1448,Hand Raise,1,0,1,0,0,0,1,0,0,0,0,1
1449,Hand Raise,1,0,1,0,0,0,1,0,0,0,0,1
1450,Hand Raise,1,0,1,0,0,0,1,0,0,0,0,1
1451,Hand Raise,1,0,1,0,0,0,1,0,0,0,0,1
1452,Hand Raise,1,0,1,0,0,0,1,0,0,0,0,1
1453,Hand Raise,1,0,1,0,0,0,1,0,0,0,0,1
1454,Hand Raise,1,0,1,0,0,0,1,0,0,0,0,1
1455,Hand Raise,1,0,1,0,0,0,1,0,0,0,0,1
1456,Hand Raise,1,0,1,0,0,0,1,0,0,0,0,1
1457,Hand Raise,1,0,1,0,0,0,1,0,0,0,0,1
1458,Hand Raise,1,0,1,0,0,0,1,0,0,0,0,1
1459,Hand Raise,1,0,1,0,0,0,1,0,0,0,0,1
1460,Hand Raise,1,0,1,0,0,0,1,0,0,0,0,1
1461,Hand Raise,1,0,1,0,0,0,1,0,0,0,0,1
1462,Hand Raise,1,0,1,0,0,0,1,0,0,0,0,1
1463,Hand Raise,1,0,1,0,0,0,1,0,0,0,0,1
1464,Hand Raise,1,0,1,0,0,0,1,0,0,0,0,1
1465,Hand Raise,1,0,1,0,0,0,1,0,0,0,0,1
1466,Hand Raise,1,0,1,0,0,0,1,0,0,0,0,1
1467,Hand Raise,1,0,1,0,0,0,1,0,0,0,0,1
1468,Hand Raise,1,0,1,0,0,0,1,0,0,0,0,1
1469,Hand Raise,1,0,1,0,0,0,1,0,0,0,0,1
1470,Hand Raise,1,0,1,0,0,0,1,0,0,0,0,1
1471,Hand Raise,1,0,1,0,0,0,1,0,0,0,0,1
1472,Hand Raise,1,0,1,0,0,0,1,0,0,0,0,1
1473,Hand Raise,1,0,1,0,0,0,1,0,0,0,0,1
1474,Hand Raise,1,0,1,0,0,0,1,0,0,0,0,1
1475,Hand Raise,1,0,1,0,0,0,1,0,0,0,0,1
1476,Hand Raise,1,0,1,0,0,0,1,0,0,0,0,1
1477,Hand Raise,1,0,1,0,0,0,1,0,0,0,0,1
1478,Hand Raise,1,0,1,0,0,0,1,0,0,0,0,1
1479,Hand Raise,1,0,1,0,0,0,1,0,0,0,0,1
1480,Hand Raise,1,0,1,0,0,0,1,0,0,0,0,1
1481,Hand Raise,1,0,1,0,0,0,1,0,0,0,0,1
1482,Hand Raise,1,0,1,0,0,0,1,0,0,0,0,1
1483,Hand Raise,1,0,1,0,0,0,1,0,0,0,0,1
1484,Hand Raise,1,0,1,0,0,0,1,0,0,0,0,1
1485,Hand Raise,1,0,1,0,0,0,1,0,0,0,0,1
1486,Hand Raise,1,0,1,0,0,0,1,0,0,0,0,1
1487,Hand Raise,1,0,1,0,0,0,1,0,0,0,0,1
1488,Hand Raise,1,0,1,0,0,0,1,0,0,0,0,1
1489,Hand Raise,1,0,1,0,0,0,1,0,0,0,0,1
1490,Hand Raise,1,0,1,0,0,0,1,0,0,0,0,1
1491,Hand Raise,1,0,1,0,0,0,1,0,0,0,0,1
1492,Hand Raise,1,0,1,0,0,0,1,0,0,0,0,1
1493,Hand Raise,1,0,1,0,0,0,1,0,0,0,0,1
1494,Hand Raise,1,0,0,0,0,0,1,1,0,0,0,1
1495,Drowsy,1,0,0,0,0,0,1,1,0,0,0,1
1496,Drowsy,1,0,0,0,0,0,1,1,0,0,0,1
1497,Drowsy,1,0,0,0,0,0,1,1,0,0,0,1
1498,Drowsy,1,0,0,0,0,0,1,1,0,0,0,1
1499,Drowsy,1,0,0,0,0,0,1,1,0,0,0,1
1500,Drowsy,1,0,0,0,0,0,1,1,0,0,0,1
1501,Drowsy,1,0,0,0,0,0,1,1,0,0,0,1
1502,Drowsy,1,0,0,0,0,0,1,1,0,0,0,1
1503,Drowsy,1,0,0,0,0,0,1,1,0,0,0,1
1504,Drowsy,1,0,0,0,0,0,1,1,0,0,0,1
1505,Drowsy,1,0,0,0,0,0,1,1,0,0,0,1
1506,Drowsy,1,0,0,0,0,0,1,1,0,0,0,1
1507,Drowsy,1,0,0,0,0,0,1,1,0,0,0,1
1508,Drowsy,1,0,0,0,0,0,1,1,0,0,0,1
1509,Drowsy,1,0,0,0,0,0,1,1,0,0,0,1
1510,Drowsy,1,0,0,0,0,0,1,1,0,0,0,1
1511,Drowsy,1,0,0,0,0,0,1,1,0,0,0,1
1512,Drowsy,1,0,0,0,0,0,1,1,0,0,0,1
1513,Drowsy,1,0,0,0,0,0,1,1,0,0,0,1
1514,Drowsy,1,0,0,0,0,0,1,1,0,0,0,1
1515,Drowsy,1,0,0,0,0,0,1,1,0,0,0,1
1516,Drowsy,1,0,0,0,0,0,1,1,0,0,0,1
1517,Drowsy,1,0,0,0,0,0,1,1,0,0,0,1
1518,Drowsy,1,0,0,0,0,0,1,1,0,0,0,1
1519,Drowsy,1,0,0,0,0,0,1,1,0,0,0,1
1520,Drowsy,1,0,0,0,0,0,1,1,0,0,0,1
1521,Drowsy,1,0,0,0,0,0,1,1,0,0,0,1
1522,Drowsy,1,0,0,0,0,0,1,1,0,0,0,1
1523,Drowsy,1,0,0,0,0,0,1,1,0,0,0,1
1524,Drowsy,1,0,0,0,0,0,1,1,0,0,0,1
1525,Drowsy,1,0,0,0,0,0,1,1,0,0,0,1
1526,Drowsy,1,0,0,0,0,0,1,1,0,0,0,1
1527,Drowsy,1,0,0,0,0,0,1,1,0,0,0,1
1528,Drowsy,1,0,0,0,0,0,1,1,0,0,0,1
1529,Drowsy,1,0,0,0,0,0,1,1,0,0,0,1
1530,Drowsy,1,0,0,0,0,0,1,1,0,0,0,1
1531,Drowsy,1,0,0,0,0,0,1,1,0,0,0,1
1532,Drowsy,1,0,0,0,0,0,1,1,0,0,0,1
1533,Drowsy,1,0,0,0,0,0,1,1,0,0,0,1
1534,Drowsy,1,0,0,0,0,0,1,1,0,0,0,1
1535,Drowsy,1,0,0,0,0,0,1,1,0,0,0,1
1536,Drowsy,1,0,0,0,0,0,1,1,0,0,0,1
1537,Drowsy,1,0,0,0,0,0,1,1,0,0,0,1
1538,Drowsy,1,0,0,0,0,0,1,1,0,0,0,1
1539,Drowsy,1,0,0,0,0,0,1,1,0,0,0,1
1540,Drowsy,1,0,0,0,0,0,1,1,0,0,0,1
1541,Drowsy,1,0,0,0,0,0,1,1,0,0,0,1
1542,Drowsy,1,0,0,0,0,0,1,1,0,0,0,1
1543,Drowsy,1,0,0,0,0,0,1,1,0,0,0,1
1544,Drowsy,1,0,0,0,0,0,1,1,0,0,0,1
1545,Drowsy,1,0,0,0,0,0,1,1,0,0,0,1
1546,Drowsy,1,0,0,0,0,0,1,1,0,0,0,1
1547,Drowsy,1,0,0,0,0,0,1,1,0,0,0,1
1548,Drowsy,1,0,0,0,0,0,1,1,0,0,0,1
1549,Drowsy,1,0,0,0,0,0,1,1,0,0,0,1
1550,Drowsy,1,0,0,0,0,0,1,1,0,0,0,1
1551,Drowsy,1,0,0,0,0,0,1,1,0,0,0,1
1552,Drowsy,1,0,0,0,0,0,1,1,0,0,0,1
1553,Drowsy,1,0,0,0,0,0,1,1,0,0,0,1
1554,Drowsy,1,0,0,0,0,0,1,1,0,0,0,1
1555,Drowsy,1,0,0,0,0,0,1,1,0,0,0,1
1556,Drowsy,1,0,0,0,0,0,1,1,0,0,0,1
1557,Drowsy,1,0,0,0,0,0,1,1,0,0,0,1
1558,Drowsy,1,0,0,0,0,0,1,1,0,0,0,1
1559,Drowsy,1,0,0,0,0,0,1,1,0,0,0,1
1560,Drowsy,1,0,0,0,0,0,1,1,0,0,0,1
1561,Drowsy,1,0,0,0,0,0,1,1,0,0,0,1
1562,Drowsy,1,0,0,0,0,0,1,1,0,0,0,1
1563,Drowsy,1,0,0,0,0,0,1,1,0,0,0,1
1564,Drowsy,1,0,0,0,0,0,1,1,0,0,0,1
1565,Drowsy,1,0,0,0,0,0,1,1,0,0,0,1
1566,Drowsy,1,0,0,0,0,0,1,1,0,0,0,1
1567,Drowsy,1,0,0,0,0,0,1,1,0,0,0,1
1568,Drowsy,1,0,0,0,0,0,1,1,0,0,0,1
1569,Drowsy,1,0,0,0,0,0,1,1,0,0,0,1
1570,Drowsy,1,0,0,0,0,0,1,1,0,0,0,1
1571,Drowsy,1,0,0,0,0,0,1,1,0,0,0,1
1572,Drowsy,1,0,0,0,0,0,1,1,0,0,0,1
1573,Drowsy,1,0,0,0,0,0,1,1,0,0,0,1
1574,Drowsy,1,0,0,0,0,0,1,1,0,0,0,1
1575,Drowsy,1,0,0,0,0,0,1,1,0,0,0,1
1576,Drowsy,1,0,0,0,0,0,1,1,0,0,0,1
1577,Drowsy,1,0,0,0,0,0,1,1,0,0,0,1
1578,Drowsy,1,0,0,0,0,0,1,1,0,0,0,1
1579,Drowsy,1,0,0,0,0,0,1,1,0,0,0,1
1580,Drowsy,1,0,0,0,0,0,1,1,0,0,0,1
1581,Drowsy,1,0,0,0,0,0,1,1,0,0,0,1
1582,Drowsy,1,0,0,0,0,0,1,1,0,0,0,1
1583,Drowsy,1,0,0,0,0,0,1,1,0,0,0,1
1584,Drowsy,1,0,0,0,0,0,1,1,0,0,0,1
1585,Drowsy,1,0,0,0,0,0,1,1,0,0,0,1
1586,Drowsy,1,0,0,0,0,0,1,1,0,0,0,1
1587,Drowsy,1,0,0,0,0,0,1,1,0,0,0,1
1588,Drowsy,1,0,0,0,0,0,1,1,0,0,0,1
1589,Drowsy,1,0,0,0,0,0,1,1,0,0,0,1
1590,Drowsy,1,0,0,0,0,0,1,1,0,0,0,1
1591,Drowsy,1,0,0,0,0,0,1,1,0,0,0,1
1592,Drowsy,1,0,0,0,0,0,1,1,0,0,0,1
1593,Drowsy,1,0,0,0,0,0,1,1,0,0,0,1
1594,Drowsy,1,0,0,0,0,0,1,1,0,0,0,1
1595,Drowsy,1,0,0,0,0,0,1,1,0,0,0,1
1596,Drowsy,1,0,0,0,0,0,1,1,0,0,0,1
1597,Drowsy,1,0,0,0,0,0,1,1,0,0,0,1
1598,Drowsy,1,0,0,0,0,0,1,1,0,0,0,1
1599,Drowsy,1,0,0,0,0,0,1,1,0,0,0,1
1600,Drowsy,1,0,0,0,0,0,1,1,0,0,0,1
1601,Drowsy,1,0,0,0,0,0,1,1,0,0,0,1
1602,Drowsy,1,0,0,0,0,0,1,1,0,0,0,1
1603,Drowsy,1,0,0,0,0,0,1,1,0,0,0,1
1604,Drowsy,1,0,0,0,0,0,1,1,0,0,0,1
1605,Drowsy,1,0,0,0,0,0,1,1,0,0,0,1
1606,Drowsy,1,0,0,0,0,0,1,1,0,0,0,1
1607,Drowsy,1,0,0,0,0,0,1,1,0,0,0,1
1608,Drowsy,1,0,0,0,0,0,1,1,0,0,0,1
1609,Drowsy,1,0,0,0,0,0,1,1,0,0,0,1
1610,Drowsy,1,0,0,0,0,0,1,1,0,0,0,1
1611,Drowsy,1,0,0,0,0,0,1,1,0,0,0,1
1612,Drowsy,1,0,0,0,0,0,1,1,0,0,0,1
1613,Drowsy,1,0,0,0,0,0,1,1,0,0,0,1
1614,Drowsy,1,0,0,0,0,0,1,1,0,0,0,1
1615,Drowsy,1,0,0,0,0,0,1,1,0,0,0,1
1616,Drowsy,1,0,0,0,0,0,1,1,0,0,0,1
1617,Drowsy,1,0,0,0,0,0,1,1,0,0,0,1
1618,Drowsy,1,0,0,0,0,0,1,1,0,0,0,1
1619,Drowsy,1,0,0,0,0,0,1,1,0,0,0,1
1620,Drowsy,1,0,0,0,0,0,1,1,0,0,0,1
1621,Drowsy,1,0,0,0,0,0,1,1,0,0,0,1
1622,Drowsy,1,0,0,0,0,0,1,1,0,0,0,1
1623,Drowsy,1,0,0,0,0,0,1,1,0,0,0,1
1624,Drowsy,1,0,0,0,0,0,1,1,0,0,0,1
1625,Drowsy,1,0,0,0,0,0,1,1,0,0,0,1
1626,Drowsy,1,0,0,0,0,0,1,1,0,0,0,1
1627,Drowsy,1,0,0,0,0,0,1,1,0,0,0,1
1628,Drowsy,1,0,0,0,0,0,1,1,0,0,0,1
1629,Drowsy,1,0,0,0,0,0,1,1,0,0,0,1
1630,Drowsy,1,0,0,0,0,0,1,1,0,0,0,1
1631,Drowsy,1,0,0,0,0,0,1,1,0,0,0,1
1632,Drowsy,1,0,0,0,0,0,1,1,0,0,0,1
1633,Drowsy,1,0,0,0,0,0,1,1,0,0,0,1
1634,Drowsy,1,0,0,0,0,0,1,1,0,0,0,1
1635,Drowsy,1,0,0,0,0,0,1,1,0,0,0,1
1636,Drowsy,1,0,0,0,0,0,1,1,0,0,0,1
1637,Drowsy,1,0,0,0,0,0,1,1,0,0,0,1
1638,Drowsy,1,0,0,0,0,0,1,1,0,0,0,1
1639,Drowsy,1,0,0,0,0,0,1,1,0,0,0,1
1640,Drowsy,1,0,0,0,0,0,1,1,0,0,0,1
1641,Drowsy,1,0,0,0,0,0,1,1,0,0,0,1
1642,Drowsy,1,0,0,0,0,0,1,1,0,0,0,1
1643,Gaze Center,1,0,0,0,0,0,1,0,0,0,1,0
1644,Gaze Center,1,0,0,0,0,0,1,1,0,0,0,1
1645,Gaze Center,1,0,0,0,0,0,1,1,0,0,0,1
1646,Gaze Center,1,0,0,0,0,0,1,1,0,0,0,1
1647,Gaze Center,1,0,0,0,0,0,1,1,0,0,0,1
1648,Gaze Center,1,0,0,0,0,0,1,1,0,0,0,1
1649,Gaze Center,1,0,0,0,0,0,1,1,0,0,0,1
1650,Gaze Center,1,0,0,0,0,0,1,1,0,0,0,1
1651,Gaze Center,1,0,0,0,0,0,1,1,0,0,0,1
1652,Gaze Center,1,0,0,0,0,0,1,1,0,0,0,1
1653,Gaze Center,1,0,0,0,0,0,1,1,0,0,0,1
1654,Gaze Center,1,0,0,0,0,0,1,1,0,0,0,1
1655,Gaze Center,1,0,0,0,0,0,1,1,0,0,0,1
1656,Gaze Center,1,0,0,0,0,0,1,1,0,0,0,1
1657,Gaze Center,1,0,0,0,0,0,1,1,0,0,0,1
1658,Gaze Center,1,0,0,0,0,0,1,1,0,0,0,1
1659,Gaze Center,1,0,0,0,0,0,1,1,0,0,0,1
1660,Gaze Center,1,0,0,0,0,0,1,1,0,0,0,1
1661,Gaze Center,1,0,0,0,0,0,1,1,0,0,0,1
1662,Gaze Center,1,0,0,0,0,0,1,1,0,0,0,1
1663,Gaze Center,1,0,0,0,0,0,1,1,0,0,0,1
1664,Gaze Center,1,0,0,0,0,0,1,1,0,0,0,1
1665,Gaze Center,1,0,0,0,0,0,1,1,0,0,0,1
1666,Gaze Center,1,0,0,0,0,0,1,1,0,0,0,1
1667,Gaze Center,1,0,0,0,0,0,1,1,0,0,0,1
1668,Gaze Center,1,0,0,0,0,0,1,1,0,0,0,1
1669,Gaze Center,1,0,0,0,0,0,1,1,0,0,0,1
1670,Gaze Center,1,0,0,0,0,0,1,1,0,0,0,1
1671,Gaze Center,1,0,0,0,0,0,1,1,0,0,0,1
1672,Gaze Center,1,0,0,0,0,0,1,1,0,0,0,1
1673,Gaze Center,1,0,0,0,0,0,1,1,0,0,0,1
1674,Gaze Center,1,0,0,0,0,0,1,1,0,0,0,1
1675,Gaze Center,1,0,0,0,0,0,1,1,0,0,0,1
1676,Gaze Center,1,0,0,0,0,0,1,1,0,0,0,1
1677,Gaze Center,1,0,0,0,0,0,1,1,0,0,0,1
1678,Gaze Center,1,0,0,0,0,0,1,1,0,0,0,1
1679,Gaze Center,1,0,0,0,0,0,1,1,0,0,0,1
1680,Gaze Center,1,0,0,0,0,0,1,1,0,0,0,1
1681,Gaze Center,1,0,0,0,0,0,1,1,0,0,0,1
1682,Gaze Center,1,0,0,0,0,0,1,1,0,0,0,1
1683,Gaze Center,1,0,0,0,0,0,1,1,0,0,0,1
1684,Gaze Center,1,0,0,0,0,0,1,1,0,0,0,1
1685,Gaze Center,1,0,0,0,0,0,1,1,0,0,0,1
1686,Gaze Center,1,0,0,0,0,0,1,1,0,0,0,1
1687,Gaze Center,1,0,0,0,0,0,1,1,0,0,0,1
1688,Gaze Center,1,0,0,0,0,0,1,1,0,0,0,1
1689,Gaze Center,1,0,0,0,0,0,1,1,0,0,0,1
1690,Gaze Center,1,0,0,0,0,0,1,1,0,0,0,1
1691,Gaze Center,1,0,0,0,0,0,1,1,0,0,0,1
1692,Gaze Center,1,0,0,0,0,0,1,1,0,0,0,1
1693,Gaze Center,1,0,0,0,0,0,1,1,0,0,0,1
1694,Gaze Center,1,0,0,0,0,0,1,1,0,0,0,1
1695,Gaze Center,1,0,0,0,0,0,1,1,0,0,0,1
1696,Gaze Center,1,0,0,0,0,0,1,1,0,0,0,1
1697,Gaze Center,1,0,0,0,0,0,1,1,0,0,0,1
1698,Gaze Center,1,0,0,0,0,0,1,1,0,0,0,1
1699,Gaze Center,1,0,0,0,0,0,1,1,0,0,0,1
1700,Gaze Center,1,0,0,0,0,0,1,1,0,0,0,1
1701,Gaze Center,1,0,0,0,0,0,1,1,0,0,0,1
1702,Gaze Center,1,0,0,0,0,0,1,1,0,0,0,1
1703,Gaze Center,1,0,0,0,0,0,1,1,0,0,0,1
1704,Gaze Center,1,0,0,0,0,0,1,1,0,0,0,1
1705,Gaze Center,1,0,0,0,0,0,1,1,0,0,0,1
1706,Gaze Center,1,0,0,0,0,0,1,1,0,0,0,1
1707,Gaze Center,1,0,0,0,0,0,1,1,0,0,0,1
1708,Gaze Center,1,0,0,0,0,0,1,1,0,0,0,1
1709,Gaze Center,1,0,0,0,0,0,1,1,0,0,0,1
1710,Gaze Center,1,0,0,0,0,0,1,1,0,0,0,1
1711,Gaze Center,1,0,0,0,0,0,1,1,0,0,0,1
1712,Gaze Center,1,0,0,0,0,0,1,1,0,0,0,1
1713,Gaze Center,1,0,0,0,0,0,1,1,0,0,0,1
1714,Gaze Center,1,0,0,0,0,0,1,1,0,0,0,1
1715,Gaze Center,1,0,0,0,0,0,1,1,0,0,0,1
1716,Gaze Center,1,0,0,0,0,0,1,1,0,0,0,1
1717,Gaze Center,1,0,0,0,0,0,1,1,0,0,0,1
1718,Gaze Center,1,0,0,0,0,0,1,1,0,0,0,1
1719,Gaze Center,1,0,0,0,0,0,1,1,0,0,0,1
1720,Gaze Center,1,0,0,0,0,0,1,1,0,0,0,1
1721,Gaze Center,1,0,0,0,0,0,1,1,0,0,0,1
1722,Gaze Center,1,0,0,0,0,0,1,1,0,0,0,1
1723,Gaze Center,1,0,0,0,0,0,1,1,0,0,0,1
1724,Gaze Center,1,0,0,0,0,0,1,1,0,0,0,1
1725,Gaze Center,1,0,0,0,0,0,1,1,0,0,0,1
1726,Gaze Center,1,0,0,0,0,0,1,1,0,0,0,1
1727,Gaze Center,1,0,0,0,0,0,1,1,0,0,0,1
1728,Gaze Center,1,0,0,0,0,0,1,1,0,0,0,1
1729,Gaze Center,1,0,0,0,0,0,1,1,0,0,0,1
1730,Gaze Center,1,0,0,0,0,0,1,1,0,0,0,1
1731,Gaze Center,1,0,0,0,0,0,1,1,0,0,0,1
1732,Gaze Center,1,0,0,0,0,0,1,1,0,0,0,1
1733,Gaze Center,1,0,0,0,0,0,1,1,0,0,0,1
1734,Gaze Center,1,0,0,0,0,0,1,1,0,0,0,1
1735,Gaze Center,1,0,0,0,0,0,1,1,0,0,0,1
1736,Gaze Center,1,0,0,0,0,0,1,1,0,0,0,1
1737,Gaze Center,1,0,0,0,0,0,1,1,0,0,0,1
1738,Gaze Center,1,0,0,0,0,0,1,1,0,0,0,1
1739,Gaze Center,1,0,0,0,0,0,1,1,0,0,0,1
1740,Gaze Center,1,0,0,0,0,0,1,1,0,0,0,1
1741,Gaze Center,1,0,0,0,0,0,1,1,0,0,0,1
1742,Gaze Center,1,0,0,0,0,0,1,1,0,0,0,1
1743,Gaze Center,1,0,0,0,0,0,1,1,0,0,0,1
1744,Gaze Center,1,0,0,0,0,0,1,1,0,0,0,1
1745,Gaze Center,1,0,0,0,0,0,1,1,0,0,0,1
1746,Gaze Center,1,0,0,0,0,0,1,1,0,0,0,1
1747,Gaze Center,1,0,0,0,0,0,1,1,0,0,0,1
1748,Gaze Center,1,0,0,0,0,0,1,1,0,0,0,1
1749,Gaze Center,1,0,0,0,0,0,1,1,0,0,0,1
1750,Gaze Center,1,0,0,0,0,0,1,1,0,0,0,1
1751,Gaze Center,1,0,0,0,0,0,1,1,0,0,0,1
1752,Gaze Center,1,0,0,0,0,0,1,1,0,0,0,1
1753,Gaze Center,1,0,0,0,0,0,1,1,0,0,0,1
1754,Gaze Center,1,0,0,0,0,0,1,1,0,0,0,1
1755,Gaze Center,1,0,0,0,0,0,1,1,0,0,0,1
1756,Gaze Center,1,0,0,0,0,0,1,1,0,0,0,1
1757,Gaze Center,1,0,0,0,0,0,1,1,0,0,0,1
1758,Gaze Center,1,0,0,0,0,0,1,1,0,0,0,1
1759,Gaze Center,1,0,0,0,0,0,1,1,0,0,0,1
1760,Gaze Center,1,0,0,0,0,0,1,1,0,0,0,1
1761,Gaze Center,1,0,0,0,0,0,1,1,0,0,0,1
1762,Gaze Center,1,0,0,0,0,0,1,1,0,0,0,1
1763,Gaze Center,1,0,0,0,0,0,1,1,0,0,0,1
1764,Gaze Center,1,0,0,0,0,0,1,1,0,0,0,1
1765,Gaze Center,1,0,0,0,0,0,1,1,0,0,0,1
1766,Gaze Center,1,0,0,0,0,0,1,1,0,0,0,1
1767,Gaze Center,1,0,0,0,0,0,1,1,0,0,0,1
1768,Gaze Center,1,0,0,0,0,0,1,1,0,0,0,1
1769,Gaze Center,1,0,0,0,0,0,1,1,0,0,0,1
1770,Gaze Center,1,0,0,0,0,0,1,1,0,0,0,1
1771,Gaze Center,1,0,0,0,0,0,1,1,0,0,0,1
1772,Gaze Center,1,0,0,0,0,0,1,1,0,0,0,1
1773,Gaze Center,1,0,0,0,0,0,1,1,0,0,0,1
1774,Gaze Center,1,0,0,0,0,0,1,1,0,0,0,1
1775,Gaze Center,1,0,0,0,0,0,1,1,0,0,0,1
1776,Gaze Center,1,0,0,0,0,0,1,1,0,0,0,1
1777,Gaze Center,1,0,0,0,0,0,1,1,0,0,0,1
1778,Gaze Center,1,0,0,0,0,0,1,1,0,0,0,1
1779,Gaze Center,1,0,0,0,0,0,1,1,0,0,0,1
1780,Gaze Center,1,0,0,0,0,0,1,1,0,0,0,1
1781,Gaze Center,1,0,0,0,0,0,1,1,0,0,0,1
1782,Gaze Center,1,0,0,0,0,0,1,1,0,0,0,1
1783,Gaze Center,1,0,0,0,0,0,1,1,0,0,0,1
1784,Gaze Center,1,0,0,0,0,0,1,1,0,0,0,1
1785,Gaze Center,1,0,0,0,0,0,1,1,0,0,0,1
1786,Gaze Center,1,0,0,0,0,0,1,1,0,0,0,1
1787,Gaze Center,1,0,0,0,0,0,1,1,0,0,0,1
1788,Gaze Center,1,0,0,0,0,0,1,1,0,0,0,1
1789,Gaze Center,1,0,0,0,0,0,1,1,0,0,0,1
1790,Gaze Center,1,0,0,0,0,0,1,1,0,0,0,1
1791,Gaze Center,1,0,0,0,0,0,1,1,0,0,0,1
1792,Gaze Center,1,0,0,0,0,0,1,1,0,0,0,1
1793,Gaze Right,1,0,0,0,0,0,1,1,0,0,1,0
1794,Gaze Right,1,0,0,0,0,0,1,1,0,0,1,0
1795,Gaze Right,1,0,0,0,0,0,1,1,0,0,1,0
1796,Gaze Right,1,0,0,0,0,0,1,1,0,0,1,0
1797,Gaze Right,1,0,0,0,0,0,1,1,0,0,1,0
1798,Gaze Right,1,0,0,0,0,0,1,1,0,0,1,0
1799,Gaze Right,1,0,0,0,0,0,1,1,0,0,1,0
1800,Gaze Right,1,0,0,0,0,0,1,1,0,0,1,0
1801,Gaze Right,1,0,0,0,0,0,1,1,0,0,1,0
1802,Gaze Right,1,0,0,0,0,0,1,1,0,0,1,0
1803,Gaze Right,1,0,0,0,0,0,1,1,0,0,1,0
1804,Gaze Right,1,0,0,0,0,0,1,1,0,0,1,0
1805,Gaze Right,1,0,0,0,0,0,1,1,0,0,1,0
1806,Gaze Right,1,0,0,0,0,0,1,1,0,0,1,0
1807,Gaze Right,1,0,0,0,0,0,1,1,0,0,1,0
1808,Gaze Right,1,0,0,0,0,0,1,1,0,0,1,0
1809,Gaze Right,1,0,0,0,0,0,1,1,0,0,1,0
1810,Gaze Right,1,0,0,0,0,0,1,1,0,0,1,0
1811,Gaze Right,1,0,0,0,0,0,1,1,0,0,1,0
1812,Gaze Right,1,0,0,0,0,0,1,1,0,0,1,0
1813,Gaze Right,1,0,0,0,0,0,1,1,0,0,1,0
1814,Gaze Right,1,0,0,0,0,0,1,1,0,0,1,0
1815,Gaze Right,1,0,0,0,0,0,1,1,0,0,1,0
1816,Gaze Right,1,0,0,0,0,0,1,1,0,0,1,0
1817,Gaze Right,1,0,0,0,0,0,1,1,0,0,1,0
1818,Gaze Right,1,0,0,0,0,0,1,1,0,0,1,0
1819,Gaze Right,1,0,0,0,0,0,1,1,0,0,1,0
1820,Gaze Right,1,0,0,0,0,0,1,1,0,0,1,0
1821,Gaze Right,1,0,0,0,0,0,1,1,0,0,1,0
1822,Gaze Right,1,0,0,0,0,0,1,1,0,0,1,0
1823,Gaze Right,1,0,0,0,0,0,1,1,0,0,1,0
1824,Gaze Right,1,0,0,0,0,0,1,1,0,0,1,0
1825,Gaze Right,1,0,0,0,0,0,1,1,0,0,1,0
1826,Gaze Right,1,0,0,0,0,0,1,1,0,0,1,0
1827,Gaze Right,1,0,0,0,0,0,1,1,0,0,1,0
1828,Gaze Right,1,0,0,0,0,0,1,1,0,0,1,0
1829,Gaze Right,1,0,0,0,0,0,1,1,0,0,1,0
1830,Gaze Right,1,0,0,0,0,0,1,1,0,0,1,0
1831,Gaze Right,1,0,0,0,0,0,1,1,0,0,1,0
1832,Gaze Right,1,0,0,0,0,0,1,1,0,0,1,0
1833,Gaze Right,1,0,0,0,0,0,1,1,0,0,1,0
1834,Gaze Right,1,0,0,0,0,0,1,1,0,0,1,0
1835,Gaze Right,1,0,0,0,0,0,1,1,0,0,1,0
1836,Gaze Right,1,0,0,0,0,0,1,1,0,0,1,0
1837,Gaze Right,1,0,0,0,0,0,1,1,0,0,1,0
1838,Gaze Right,1,0,0,0,0,0,1,1,0,0,1,0
1839,Gaze Right,1,0,0,0,0,0,1,1,0,0,1,0
1840,Gaze Right,1,0,0,0,0,0,1,1,0,0,1,0
1841,Gaze Right,1,0,0,0,0,0,1,1,0,0,1,0
1842,Gaze Right,1,0,0,0,0,0,1,1,0,0,1,0
1843,Gaze Right,1,0,0,0,0,0,1,1,0,0,1,0
1844,Gaze Right,1,0,0,0,0,0,1,1,0,0,1,0
1845,Gaze Right,1,0,0,0,0,0,1,1,0,0,1,0
1846,Gaze Right,1,0,0,0,0,0,1,1,0,0,1,0
1847,Gaze Right,1,0,0,0,0,0,1,1,0,0,1,0
1848,Gaze Right,1,0,0,0,0,0,1,1,0,0,1,0
1849,Gaze Right,1,0,0,0,0,0,1,1,0,0,1,0
1850,Gaze Right,1,0,0,0,0,0,1,1,0,0,1,0
1851,Gaze Right,1,0,0,0,0,0,1,1,0,0,1,0
1852,Gaze Right,1,0,0,0,0,0,1,1,0,0,1,0
1853,Gaze Right,1,0,0,0,0,0,1,1,0,0,1,0
1854,Gaze Right,1,0,0,0,0,0,1,1,0,0,1,0
1855,Gaze Right,1,0,0,0,0,0,1,1,0,0,1,0
1856,Gaze Right,1,0,0,0,0,0,1,1,0,0,1,0
1857,Gaze Right,1,0,0,0,0,0,1,1,0,0,1,0
1858,Gaze Right,1,0,0,0,0,0,1,1,0,0,1,0
1859,Gaze Right,1,0,0,0,0,0,1,1,0,0,1,0
1860,Gaze Right,1,0,0,0,0,0,1,1,0,0,1,0
1861,Gaze Right,1,0,0,0,0,0,1,1,0,0,1,0
1862,Gaze Right,1,0,0,0,0,0,1,1,0,0,1,0
1863,Gaze Right,1,0,0,0,0,0,1,1,0,0,1,0
1864,Gaze Right,1,0,0,0,0,0,1,1,0,0,1,0
1865,Gaze Right,1,0,0,0,0,0,1,1,0,0,1,0
1866,Gaze Right,1,0,0,0,0,0,1,1,0,0,1,0
1867,Gaze Right,1,0,0,0,0,0,1,1,0,0,1,0
1868,Gaze Right,1,0,0,0,0,0,1,1,0,0,1,0
1869,Gaze Right,1,0,0,0,0,0,1,1,0,0,1,0
1870,Gaze Right,1,0,0,0,0,0,1,1,0,0,1,0
1871,Gaze Right,1,0,0,0,0,0,1,1,0,0,1,0
1872,Gaze Right,1,0,0,0,0,0,1,1,0,0,1,0
1873,Gaze Right,1,0,0,0,0,0,1,1,0,0,1,0
1874,Gaze Right,1,0,0,0,0,0,1,1,0,0,1,0
1875,Gaze Right,1,0,0,0,0,0,1,1,0,0,1,0
1876,Gaze Right,1,0,0,0,0,0,1,1,0,0,1,0
1877,Gaze Right,1,0,0,0,0,0,1,1,0,0,1,0
1878,Gaze Right,1,0,0,0,0,0,1,1,0,0,1,0
1879,Gaze Right,1,0,0,0,0,0,1,1,0,0,1,0
1880,Gaze Right,1,0,0,0,0,0,1,1,0,0,1,0
1881,Gaze Right,1,0,0,0,0,0,1,1,0,0,1,0
1882,Gaze Right,1,0,0,0,0,0,1,1,0,0,1,0
1883,Gaze Right,1,0,0,0,0,0,1,1,0,0,1,0
1884,Gaze Right,1,0,0,0,0,0,1,1,0,0,1,0
1885,Gaze Right,1,0,0,0,0,0,1,1,0,0,1,0
1886,Gaze Right,1,0,0,0,0,0,1,1,0,0,1,0
1887,Gaze Right,1,0,0,0,0,0,1,1,0,0,1,0
1888,Gaze Right,1,0,0,0,0,0,1,1,0,0,1,0
1889,Gaze Right,1,0,0,0,0,0,1,1,0,0,1,0
1890,Gaze Right,1,0,0,0,0,0,1,1,0,0,0,1
1891,Gaze Right,1,0,0,0,0,0,1,1,0,0,0,1
1892,Gaze Right,1,0,0,0,0,0,1,1,0,0,0,1
1893,Gaze Right,1,0,0,0,0,0,1,1,0,0,0,1
1894,Gaze Right,1,0,0,0,0,0,1,1,0,0,0,1
1895,Gaze Right,1,0,0,0,0,0,1,1,0,0,0,1
1896,Gaze Right,1,0,0,0,0,0,1,1,0,0,0,1
1897,Gaze Right,1,0,0,0,0,0,1,1,0,0,0,1
1898,Gaze Right,1,0,0,0,0,0,1,1,0,0,0,1
1899,Gaze Right,1,0,0,0,0,0,1,1,0,0,1,0
1900,Gaze Right,1,0,0,0,0,0,1,1,0,0,1,0
1901,Gaze Right,1,0,0,0,0,0,1,1,0,0,1,0
1902,Gaze Right,1,0,0,0,0,0,1,1,0,0,1,0
1903,Gaze Right,1,0,0,0,0,0,1,1,0,0,1,0
1904,Gaze Right,1,0,0,0,0,0,1,1,0,0,1,0
1905,Gaze Right,1,0,0,0,0,0,1,1,0,0,1,0
1906,Gaze Right,1,0,0,0,0,0,1,1,0,0,1,0
1907,Gaze Right,1,0,0,0,0,0,1,1,0,0,1,0
1908,Gaze Right,1,0,0,0,0,0,1,1,0,0,1,0
1909,Gaze Right,1,0,0,0,0,0,1,1,0,0,1,0
1910,Gaze Right,1,0,0,0,0,0,1,1,0,0,0,1
1911,Gaze Right,1,0,0,0,0,0,1,1,0,0,1,0
1912,Gaze Right,1,0,0,0,0,0,1,1,0,0,1,0
1913,Gaze Right,1,0,0,0,0,0,1,1,0,0,1,0
1914,Gaze Right,1,0,0,0,0,0,1,1,0,0,1,0
1915,Gaze Right,1,0,0,0,0,0,1,1,0,0,1,0
1916,Gaze Right,1,0,0,0,0,0,1,1,0,0,1,0
1917,Gaze Right,1,0,0,0,0,0,1,1,0,0,1,0
1918,Gaze Right,1,0,0,0,0,0,1,1,0,0,0,1
1919,Gaze Right,1,0,0,0,0,0,1,1,0,0,1,0
1920,Gaze Right,1,0,0,0,0,0,1,1,0,0,1,0
1921,Gaze Right,1,0,0,0,0,0,1,1,0,0,1,0
1922,Gaze Right,1,0,0,0,0,0,1,1,0,0,1,0
1923,Gaze Right,1,0,0,0,0,0,1,1,0,0,1,0
1924,Gaze Right,1,0,0,0,0,0,1,1,0,0,1,0
1925,Gaze Right,1,0,0,0,0,0,1,1,0,0,1,0
1926,Gaze Right,1,0,0,0,0,0,1,1,0,0,1,0
1927,Gaze Right,1,0,0,0,0,0,1,1,0,0,1,0
1928,Gaze Right,1,0,0,0,0,0,1,1,0,0,1,0
1929,Gaze Right,1,0,0,0,0,0,1,1,0,0,1,0
1930,Gaze Right,1,0,0,0,0,0,1,1,0,0,1,0
1931,Gaze Right,1,0,0,0,0,0,1,1,0,0,1,0
1932,Gaze Right,1,0,0,0,0,0,1,1,0,0,1,0
1933,Gaze Right,1,0,0,0,0,0,1,1,0,0,1,0
1934,Gaze Right,1,0,0,0,0,0,1,1,0,0,1,0
1935,Gaze Right,1,0,0,0,0,0,1,1,0,0,1,0
1936,Gaze Right,1,0,0,0,0,0,1,1,0,0,1,0
1937,Gaze Right,1,0,0,0,0,0,1,1,0,0,1,0
1938,Gaze Right,1,0,0,0,0,0,1,1,0,0,1,0
1939,Gaze Right,1,0,0,0,0,0,1,1,0,0,1,0
1940,Gaze Right,1,0,0,0,0,0,1,1,0,0,0,1
1941,Gaze Right,1,0,0,0,0,0,1,1,0,0,1,0
1942,Gaze Right,1,0,0,0,0,0,1,1,0,0,1,0
1943,Gaze Right,1,0,0,0,0,0,1,1,0,1,0,0
1944,Gaze Left,1,0,0,0,0,0,1,1,0,1,0,0
1945,Gaze Left,1,0,0,0,0,0,1,1,0,1,0,0
1946,Gaze Left,1,0,0,0,0,0,1,1,0,1,0,0
1947,Gaze Left,1,0,0,0,0,0,1,1,0,1,0,0
1948,Gaze Left,1,0,0,0,0,0,1,1,0,1,0,0
1949,Gaze Left,1,0,0,0,0,0,1,1,0,1,0,0
1950,Gaze Left,1,0,0,0,0,0,1,1,0,1,0,0
1951,Gaze Left,1,0,0,0,0,0,1,1,0,1,0,0
1952,Gaze Left,1,0,0,0,0,0,1,1,0,1,0,0
1953,Gaze Left,1,0,0,0,0,0,1,1,0,1,0,0
1954,Gaze Left,1,0,0,0,0,0,1,1,0,1,0,0
1955,Gaze Left,1,0,0,0,0,0,1,1,0,1,0,0
1956,Gaze Left,1,0,0,0,0,0,1,1,0,1,0,0
1957,Gaze Left,1,0,0,0,0,0,1,1,0,1,0,0
1958,Gaze Left,1,0,0,0,0,0,1,1,0,1,0,0
1959,Gaze Left,1,0,0,0,0,0,1,1,0,1,0,0
1960,Gaze Left,1,0,0,0,0,0,1,1,0,1,0,0
1961,Gaze Left,1,0,0,0,0,0,1,1,0,1,0,0
1962,Gaze Left,1,0,0,0,0,0,1,1,0,1,0,0
1963,Gaze Left,1,0,0,0,0,0,1,1,0,1,0,0
1964,Gaze Left,1,0,0,0,0,0,1,1,0,1,0,0
1965,Gaze Left,1,0,0,0,0,0,1,1,0,1,0,0
1966,Gaze Left,1,0,0,0,0,0,1,1,0,1,0,0
1967,Gaze Left,1,0,0,0,0,0,1,1,0,1,0,0
1968,Gaze Left,1,0,0,0,0,0,1,1,0,1,0,0
1969,Gaze Left,1,0,0,0,0,0,1,1,0,1,0,0
1970,Gaze Left,1,0,0,0,0,0,1,1,0,1,0,0
1971,Gaze Left,1,0,0,0,0,0,1,1,0,1,0,0
1972,Gaze Left,1,0,0,0,0,0,1,1,0,1,0,0
1973,Gaze Left,1,0,0,0,0,0,1,1,0,1,0,0
1974,Gaze Left,1,0,0,0,0,0,1,1,0,1,0,0
1975,Gaze Left,1,0,0,0,0,0,1,1,0,1,0,0
1976,Gaze Left,1,0,0,0,0,0,1,1,0,1,0,0
1977,Gaze Left,1,0,0,0,0,0,1,1,0,1,0,0
1978,Gaze Left,1,0,0,0,0,0,1,1,0,1,0,0
1979,Gaze Left,1,0,0,0,0,0,1,1,0,1,0,0
1980,Gaze Left,1,0,0,0,0,0,1,1,0,1,0,0
1981,Gaze Left,1,0,0,0,0,0,1,1,0,1,0,0
1982,Gaze Left,1,0,0,0,0,0,1,1,0,1,0,0
1983,Gaze Left,1,0,0,0,0,0,1,1,0,1,0,0
1984,Gaze Left,1,0,0,0,0,0,1,1,0,1,0,0
1985,Gaze Left,1,0,0,0,0,0,1,1,0,1,0,0
1986,Gaze Left,1,0,0,0,0,0,1,1,0,1,0,0
1987,Gaze Left,1,0,0,0,0,0,1,1,0,1,0,0
1988,Gaze Left,1,0,0,0,0,0,1,1,0,1,0,0
1989,Gaze Left,1,0,0,0,0,0,1,1,0,1,0,0
1990,Gaze Left,1,0,0,0,0,0,1,1,0,1,0,0
1991,Gaze Left,1,0,0,0,0,0,1,1,0,1,0,0
1992,Gaze Left,1,0,0,0,0,0,1,1,0,1,0,0
1993,Gaze Left,1,0,0,0,0,0,1,1,0,1,0,0
1994,Gaze Left,1,0,0,0,0,0,1,1,0,1,0,0
1995,Gaze Left,1,0,0,0,0,0,1,1,0,1,0,0
1996,Gaze Left,1,0,0,0,0,0,1,1,0,1,0,0
1997,Gaze Left,1,0,0,0,0,0,1,1,0,1,0,0
1998,Gaze Left,1,0,0,0,0,0,1,1,0,1,0,0
1999,Gaze Left,1,0,0,0,0,0,1,1,0,1,0,0
2000,Gaze Left,1,0,0,0,0,0,1,1,0,1,0,0
2001,Gaze Left,1,0,0,0,0,0,1,1,0,1,0,0
2002,Gaze Left,1,0,0,0,0,0,1,1,0,1,0,0
2003,Gaze Left,1,0,0,0,0,0,1,1,0,1,0,0
2004,Gaze Left,1,0,0,0,0,0,1,1,0,1,0,0
2005,Gaze Left,1,0,0,0,0,0,1,1,0,1,0,0
2006,Gaze Left,1,0,0,0,0,0,1,1,0,1,0,0
2007,Gaze Left,1,0,0,0,0,0,1,1,0,1,0,0
2008,Gaze Left,1,0,0,0,0,0,1,1,0,1,0,0
2009,Gaze Left,1,0,0,0,0,0,1,1,0,1,0,0
2010,Gaze Left,1,0,0,0,0,0,1,1,0,1,0,0
2011,Gaze Left,1,0,0,0,0,0,1,1,0,1,0,0
2012,Gaze Left,1,0,0,0,0,0,1,1,0,1,0,0
2013,Gaze Left,1,0,0,0,0,0,1,1,0,1,0,0
2014,Gaze Left,1,0,0,0,0,0,1,1,0,1,0,0
2015,Gaze Left,1,0,0,0,0,0,1,1,0,1,0,0
2016,Gaze Left,1,0,0,0,0,0,1,1,0,1,0,0
2017,Gaze Left,1,0,0,0,0,0,1,1,0,1,0,0
2018,Gaze Left,1,0,0,0,0,0,1,1,0,1,0,0
2019,Gaze Left,1,0,0,0,0,0,1,1,0,1,0,0
2020,Gaze Left,1,0,0,0,0,0,1,1,0,1,0,0
2021,Gaze Left,1,0,0,0,0,0,1,1,0,1,0,0
2022,Gaze Left,1,0,0,0,0,0,1,1,0,1,0,0
2023,Gaze Left,1,0,0,0,0,0,1,1,0,1,0,0
2024,Gaze Left,1,0,0,0,0,0,1,1,0,1,0,0
2025,Gaze Left,1,0,0,0,0,0,1,1,0,1,0,0
2026,Gaze Left,1,0,0,0,0,0,1,1,0,1,0,0
2027,Gaze Left,1,0,0,0,0,0,1,1,0,1,0,0
2028,Gaze Left,1,0,0,0,0,0,1,1,0,1,0,0
2029,Gaze Left,1,0,0,0,0,0,1,1,0,1,0,0
2030,Gaze Left,1,0,0,0,0,0,1,1,0,1,0,0
2031,Gaze Left,1,0,0,0,0,0,1,1,0,1,0,0
2032,Gaze Left,1,0,0,0,0,0,1,1,0,1,0,0
2033,Gaze Left,1,0,0,0,0,0,1,1,0,1,0,0
2034,Gaze Left,1,0,0,0,0,0,1,1,0,1,0,0
2035,Gaze Left,1,0,0,0,0,0,1,1,0,1,0,0
2036,Gaze Left,1,0,0,0,0,0,1,1,0,1,0,0
2037,Gaze Left,1,0,0,0,0,0,1,1,0,1,0,0
2038,Gaze Left,1,0,0,0,0,0,1,1,0,1,0,0
2039,Gaze Left,1,0,0,0,0,0,1,1,0,1,0,0
2040,Gaze Left,1,0,0,0,0,0,1,1,0,1,0,0
2041,Gaze Left,1,0,0,0,0,0,1,1,0,1,0,0
2042,Gaze Left,1,0,0,0,0,0,1,1,0,1,0,0
2043,Gaze Left,1,0,0,0,0,0,1,1,0,1,0,0
2044,Gaze Left,1,0,0,0,0,0,1,1,0,1,0,0
2045,Gaze Left,1,0,0,0,0,0,1,1,0,1,0,0
2046,Gaze Left,1,0,0,0,0,0,1,1,0,1,0,0
2047,Gaze Left,1,0,0,0,0,0,1,1,0,1,0,0
2048,Gaze Left,1,0,0,0,0,0,1,1,0,1,0,0
2049,Gaze Left,1,0,0,0,0,0,1,1,0,1,0,0
2050,Gaze Left,1,0,0,0,0,0,1,1,0,1,0,0
2051,Gaze Left,1,0,0,0,0,0,1,1,0,1,0,0
2052,Gaze Left,1,0,0,0,0,0,1,1,0,1,0,0
2053,Gaze Left,1,0,0,0,0,0,1,1,0,1,0,0
2054,Gaze Left,1,0,0,0,0,0,1,1,0,1,0,0
2055,Gaze Left,1,0,0,0,0,0,1,1,0,1,0,0
2056,Gaze Left,1,0,0,0,0,0,1,1,0,1,0,0
2057,Gaze Left,1,0,0,0,0,0,1,1,0,1,0,0
2058,Gaze Left,1,0,0,0,0,0,1,1,0,1,0,0
2059,Gaze Left,1,0,0,0,0,0,1,1,0,1,0,0
2060,Gaze Left,1,0,0,0,0,0,1,1,0,1,0,0
2061,Gaze Left,1,0,0,0,0,0,1,1,0,1,0,0
2062,Gaze Left,1,0,0,0,0,0,1,1,0,1,0,0
2063,Gaze Left,1,0,0,0,0,0,1,1,0,1,0,0
2064,Gaze Left,1,0,0,0,0,0,1,1,0,1,0,0
2065,Gaze Left,1,0,0,0,0,0,1,1,0,1,0,0
2066,Gaze Left,1,0,0,0,0,0,1,1,0,1,0,0
2067,Gaze Left,1,0,0,0,0,0,1,1,0,1,0,0
2068,Gaze Left,1,0,0,0,0,0,1,1,0,1,0,0
2069,Gaze Left,1,0,0,0,0,0,1,1,0,1,0,0
2070,Gaze Left,1,0,0,0,0,0,1,1,0,1,0,0
2071,Gaze Left,1,0,0,0,0,0,1,1,0,1,0,0
2072,Gaze Left,1,0,0,0,0,0,1,1,0,1,0,0
2073,Gaze Left,1,0,0,0,0,0,1,1,0,1,0,0
2074,Gaze Left,1,0,0,0,0,0,1,1,0,1,0,0
2075,Gaze Left,1,0,0,0,0,0,1,1,0,1,0,0
2076,Gaze Left,1,0,0,0,0,0,1,1,0,1,0,0
2077,Gaze Left,1,0,0,0,0,0,1,1,0,1,0,0
2078,Gaze Left,1,0,0,0,0,0,1,1,0,1,0,0
2079,Gaze Left,1,0,0,0,0,0,1,1,0,1,0,0
2080,Gaze Left,1,0,0,0,0,0,1,1,0,1,0,0
2081,Gaze Left,1,0,0,0,0,0,1,1,0,1,0,0
2082,Gaze Left,1,0,0,0,0,0,1,1,0,1,0,0
2083,Gaze Left,1,0,0,0,0,0,1,1,0,1,0,0
2084,Gaze Left,1,0,0,0,0,0,1,1,0,1,0,0
2085,Gaze Left,1,0,0,0,0,0,1,1,0,1,0,0
2086,Gaze Left,1,0,0,0,0,0,1,1,0,1,0,0
2087,Gaze Left,1,0,0,0,0,0,1,1,0,1,0,0
2088,Gaze Left,1,0,0,0,0,0,1,1,0,1,0,0
2089,Gaze Left,1,0,0,0,0,0,1,1,0,1,0,0
2090,Gaze Left,1,0,0,0,0,0,1,1,0,1,0,0
2091,Gaze Left,1,0,0,0,0,0,1,1,0,1,0,0
2092,Gaze Left,1,0,0,0,0,0,1,1,0,1,0,0
